y_true,y_pred
233000.0,376066.64490385016
199000.0,242036.86311856657
310000.0,342622.3753302331
255000.0,313660.93579566793
250000.0,283006.4405147615
399950.0,493468.87654900446
446000.0,346988.8853251813
738500.0,428036.871687967
565000.0,480006.47309036716
290000.0,348403.667204589
275000.0,431434.11320669414
859000.0,519475.9966593032
515000.0,510889.647948175
99000.0,212649.27858225195
340000.0,376622.43436575786
199988.0,341214.8249819126
390000.0,342269.463097325
379000.0,273217.13379591855
731688.0,664245.8677654421
452500.0,395297.7033767345
455000.0,420813.6360907392
400000.0,444706.7949602606
535950.0,642463.2319630635
1000000.0,695812.7473751992
192000.0,345398.4794144361
428000.0,388298.097346368
525000.0,454215.1426639655
397000.0,324285.5095727579
680000.0,696774.5883757245
399950.0,517125.92398137355
303000.0,327647.9142949872
401750.0,382130.1360931177
671500.0,531729.7028569343
465000.0,472140.64167025685
280000.0,373828.2377480386
222000.0,160697.00514671626
479950.0,518786.08527466876
445000.0,337234.10642575496
300000.0,389500.77303715085
309500.0,328825.9724398812
520000.0,389874.1714368873
274500.0,506121.3240929488
314000.0,503395.304222203
419900.0,375851.5572771678
445700.0,447132.40109297563
225000.0,352815.1525033087
395000.0,486825.2883396944
500000.0,408157.73654317926
350000.0,214120.28770825462
300000.0,437605.8596341675
492000.0,503917.1692171665
630000.0,406568.3327313206
207000.0,324914.33223163255
525000.0,452144.4740735658
855000.0,663635.7395678966
596500.0,437345.09160953714
715000.0,444765.3122798637
224500.0,298348.93024207326
530000.0,468097.38494289794
555000.0,562281.4195185095
571500.0,274882.79846562404
495000.0,557604.6964282725
577500.0,586135.8785656778
467500.0,544043.0701110207
700000.0,648472.0652704934
204000.0,221826.45975945028
250000.0,392859.78922673303
827500.0,491654.9922346298
500007.0,482040.6876536487
399000.0,242775.98589877534
525000.0,473961.53425348527
588000.0,624915.757307523
269950.0,464572.0125952596
415000.0,465004.28565104597
550000.0,435142.48047751084
255000.0,230143.54402670902
301500.0,343649.79512806516
799000.0,691804.4990574515
465000.0,359918.5129108385
385000.0,428050.3192726753
495000.0,533456.9171063786
262000.0,358855.59323654184
270000.0,378363.81998532376
304700.0,344754.85833960614
349000.0,427670.618878597
515000.0,651603.6194645081
158800.0,197753.55019040022
430000.0,376053.29250814207
740000.0,581203.4239441146
520000.0,604724.1437368101
305000.0,490868.4641302801
306000.0,334508.6563450597
362000.0,438718.3027343524
550000.0,680192.4570254829
570000.0,528301.6121790755
640000.0,499181.55792718707
300000.0,379900.9330276632
190000.0,222240.75886034494
290000.0,348358.9558657899
260000.0,373001.75821815024
700000.0,586876.8941327073
549900.0,474699.8914365906
312000.0,332820.7787373959
534640.0,533267.4426195459
299900.0,373995.7928768272
436000.0,434626.0381996297
396000.0,387189.2638547636
622950.0,602354.8221104657
230000.0,310661.55776853237
260000.0,223918.1168662991
555000.0,564681.274824553
243000.0,258228.6350262895
256900.0,379967.73864073056
353900.0,393139.21553855
405000.0,424718.5872006522
250000.0,340458.21701571305
156000.0,273703.14610780694
365000.0,336259.7874101109
825000.0,768352.4938629302
105000.0,78513.92778642148
580000.0,484224.37172950665
635000.0,544715.1688468052
475000.0,546148.7745768443
420000.0,648104.1923177933
507250.0,497877.5843052518
320000.0,253621.35886211705
560000.0,501349.7893200381
226750.0,258835.40334452805
832600.0,500067.91466497944
440000.0,354021.32776838314
413107.0,417748.21131072904
555000.0,381878.9456608878
210000.0,338478.8764266162
227000.0,245227.1458484995
455000.0,403358.012237393
430000.0,421257.54634779505
407500.0,477887.83990432404
429950.0,430219.2353130556
360000.0,336564.8815467745
335000.0,164130.07552754314
445000.0,420138.5785580502
470000.0,343327.01599652204
495000.0,661721.2571164775
465000.0,425678.2017939186
325000.0,507399.8349662436
542500.0,487033.7492495624
435000.0,343771.6753133919
205425.0,261674.17887386202
320000.0,371997.0098301303
388000.0,512954.7687728731
631750.0,592398.527700598
319900.0,390856.25828697684
260000.0,510776.67759692285
825000.0,652444.1997976091
657500.0,282809.469473162
445000.0,385708.677969605
290000.0,347810.1780480898
150000.0,311518.2754832162
412000.0,421368.66910517495
435000.0,451897.0739882722
250750.0,488938.56404628046
735000.0,513776.45320613065
350000.0,367161.04291679454
199000.0,302780.913397081
245000.0,367555.56004783796
250000.0,501600.59385608596
390000.0,416535.1406366698
285000.0,318998.5613768149
429900.0,412885.1168715453
685000.0,586167.2707924672
370000.0,492962.57260976295
547000.0,381741.2352246346
272000.0,422465.5113972074
378000.0,468827.43944980315
460000.0,351820.6146689304
434000.0,337752.68755422515
175000.0,295959.7628388487
680000.0,632825.099111993
635000.0,581379.3845360449
259500.0,311072.357598513
428000.0,407754.04111514136
580000.0,540647.7074517817
205500.0,274207.756225462
780000.0,530648.9018436209
265000.0,331866.93556077004
323000.0,366151.8191752131
465000.0,566162.5856155523
288000.0,369265.5398515326
255000.0,381676.92126592866
284000.0,342376.7753917496
630000.0,829200.5183611604
473000.0,474652.8181794671
700000.0,556735.9548267262
370000.0,332513.64210381865
545000.0,392561.06675377407
419000.0,666520.0880627393
275000.0,362186.1533954181
232000.0,234014.06909006857
810000.0,638889.8268536398
365000.0,366872.21627213573
442500.0,518583.65271788056
397000.0,329741.8722072018
270000.0,370636.14169304876
208000.0,296265.40015823627
254000.0,400000.88379318174
264950.0,211820.57510892348
800000.0,638236.780600197
375000.0,238514.85496716137
315000.0,273165.38804642943
705000.0,430242.4118715262
411100.0,345768.7217893051
580000.0,519948.07443224755
580000.0,457081.3510630367
458000.0,274721.0933152642
475000.0,479056.4291047808
369000.0,456196.6556271008
359000.0,539166.6995144762
353000.0,337269.36798587005
498500.0,525079.8392720473
575000.0,426132.815065132
387000.0,329073.33773819555
388000.0,336840.65805044834
200000.0,223141.76668067562
455000.0,306884.5017779586
491500.0,419141.85487178544
443000.0,397609.1567474516
436500.0,500639.01123820496
305000.0,394089.73529268126
695000.0,477249.21290033316
440000.0,391373.6229402197
420000.0,409381.3300199734
586000.0,550075.0526746799
512000.0,408951.8782589216
212000.0,146142.84908916743
215000.0,261354.45079331176
435000.0,566036.6312050537
574800.0,619559.3117227996
409500.0,414669.8851206093
590000.0,477205.31210224156
409000.0,338787.34652788495
530000.0,492673.8228244224
330000.0,286063.84617800865
395000.0,433442.76154661574
505000.0,504322.70438149536
250000.0,332922.9198001613
170500.0,268430.93837701716
525000.0,511801.08380752837
246000.0,358992.0850267718
435000.0,503571.8332564163
250000.0,235851.71052364854
349000.0,457228.32945967605
320000.0,349387.8553572957
295000.0,319393.59379638295
716000.0,560202.5035542818
275000.0,263569.2814799609
222400.0,235136.62354108086
382000.0,428624.4673928183
505000.0,486844.8705617619
312000.0,286245.3416285284
300000.0,381670.48243704165
549950.0,554895.8240755167
345000.0,333860.1468207382
309000.0,458610.8693578526
459000.0,563184.8195828776
750000.0,574409.9462154072
579950.0,455326.3578182148
683500.0,473184.918379016
652000.0,538462.235779707
410000.0,479860.19758136966
305000.0,276679.67764543474
239900.0,350621.3950761299
804000.0,527493.1241492614
275000.0,469239.99893356906
660500.0,439650.306504088
405000.0,422115.5321166498
399950.0,307414.3913145793
620000.0,560410.1168319142
575000.0,522754.30011817534
345000.0,496254.19491008343
530000.0,430567.88307901344
173000.0,353917.0700687153
615000.0,445578.44864594366
285000.0,473780.73355391674
702000.0,478100.5580908876
349500.0,301995.5317599602
200000.0,255110.4270527392
290000.0,307299.14499424316
866500.0,595144.68901427
510000.0,560858.4783221687
311000.0,344817.803491681
266490.0,356157.4920249455
450000.0,430109.22311585053
285000.0,414569.9173952212
545000.0,479611.78696938476
325000.0,471679.03151629434
673000.0,532408.785991778
417000.0,507793.59362297703
595000.0,386078.9410776557
344000.0,418540.552416624
496000.0,367330.4067948347
165000.0,414003.7775433543
650000.0,608114.2162569029
800000.0,713632.2018590381
408200.0,399090.16535419365
225000.0,218760.61996934382
570000.0,468735.6341803771
630000.0,483970.94374004565
249000.0,293881.91198529105
910000.0,631925.366677671
575000.0,446395.7508575039
398500.0,503692.0220201678
265500.0,364496.1535537521
743000.0,550502.7930427218
495000.0,482917.7077902051
430100.0,414270.50181013317
197500.0,368787.1685402147
425000.0,391610.67141642276
274900.0,377955.6326664578
240000.0,380968.56104609114
459000.0,393554.3457938767
393000.0,391567.28745245084
358000.0,440874.03471755283
440000.0,433547.7248392266
485000.0,543184.6205548308
440000.0,311080.9919839394
860000.0,384484.49969180825
850000.0,682175.1596450914
400000.0,456740.95378598664
325000.0,492920.0617249324
675000.0,526452.0638070969
224000.0,413369.8963346955
805500.0,395204.11710802274
276000.0,526460.5323322712
412000.0,462224.54017131124
301000.0,540524.1057921875
620000.0,415070.6169570679
285000.0,526344.720929154
250000.0,338275.65386872063
560000.0,567675.8939191668
174000.0,159752.0758755225
485000.0,396199.62893261004
560000.0,513531.9640362238
500000.0,432375.3653324086
464000.0,629378.6950835701
237000.0,285109.7541669104
345000.0,435855.4554981892
536000.0,503034.0251184334
340000.0,436628.6413840231
400000.0,335920.0051644506
270000.0,545331.959132048
609500.0,432331.8473946209
585000.0,492141.17577882146
549000.0,571922.0784281014
319900.0,383155.6255394388
610000.0,601857.1884902776
480000.0,360241.52604991884
260600.0,423845.097774183
935000.0,737785.1239345062
310950.0,453926.1810707906
507200.0,579603.9847312866
191000.0,285379.3392907673
580135.0,533373.3316782188
240000.0,317002.27247606486
265000.0,279203.00606548693
464950.0,372575.65408610547
828200.0,700905.5553091805
545000.0,509529.4656300226
350000.0,394398.5451137006
462500.0,516953.82192610507
625000.0,694104.1278948538
275000.0,203160.16438443062
325000.0,425903.6881722081
405000.0,399166.2655970399
582500.0,476193.0383208359
191000.0,204219.65949119112
527000.0,505639.8198424443
650000.0,634050.740806263
400000.0,351581.69252903323
179950.0,297601.360550678
655000.0,468757.7965716722
381000.0,327221.1974758713
222000.0,336636.4935732904
280000.0,440487.5723870264
800000.0,672182.5415639082
525000.0,502222.82485654356
148226.0,349665.5189907814
625000.0,438592.6531080607
450000.0,514346.29335257853
270000.0,336182.1636830833
210000.0,437308.2797135211
325000.0,267001.4532675536
550000.0,432200.4507838397
360000.0,425523.2422859294
199000.0,308645.3685641449
436000.0,395930.1825918539
366000.0,469671.34394474677
172500.0,231592.64887181652
82000.0,150785.4764054807
440000.0,475816.0801455092
390000.0,298501.14529177087
210000.0,297144.00942685874
274950.0,312860.61871257017
450000.0,405443.7628315733
780000.0,511567.1627294241
639000.0,481943.2261134407
700000.0,566491.3398879314
481000.0,543618.2719572912
417000.0,493562.75821446243
600000.0,534985.2199947712
295000.0,257849.08754301385
164000.0,343109.5994197378
395000.0,455938.9938914734
495000.0,542967.6663331433
560000.0,479951.86594135873
380000.0,516125.66035832517
435000.0,359965.1392911348
380000.0,343739.988169659
385000.0,501166.1814316937
595000.0,517037.0669631427
399000.0,412678.9654201133
765000.0,343839.77163235657
234000.0,278833.4049461231
656500.0,639705.0966313848
199400.0,377794.61401247885
525000.0,396289.07041097095
519950.0,444326.1221174687
185000.0,402124.9634614236
235000.0,385238.7161157273
405000.0,531831.9744060125
629950.0,531222.6617390506
248000.0,220061.2948748176
329000.0,248321.7479972669
225000.0,348172.7476475198
272000.0,359611.7185334565
585000.0,532144.938885438
310000.0,404410.98536490847
485000.0,410661.25322725205
550000.0,496808.1976066073
550000.0,491766.8767566123
500000.0,441673.0657069336
530000.0,568375.6237544994
325000.0,444106.09673708654
460000.0,430894.6838098357
250000.0,220794.4451248378
399950.0,461764.5192418671
314000.0,451529.26919887087
251000.0,236191.67546626198
332900.0,274699.01115119964
298900.0,365925.20405278314
445000.0,448971.2751784717
650000.0,343326.09959984646
571000.0,513175.7458760273
513000.0,466012.2064770933
380500.0,334561.62908613076
661254.0,621406.2733096513
276000.0,359908.40953326254
305000.0,393964.7658565014
349900.0,431540.50073016615
260000.0,408358.35652110097
320000.0,345112.906548814
660000.0,492950.1504104901
180000.0,285376.5838560637
555000.0,509348.3872794078
445800.0,373573.11856070877
225000.0,260279.25686960638
240000.0,293288.7987717027
612000.0,513069.461158679
478000.0,306683.81079808465
445000.0,442672.06811961846
350000.0,405592.454340146
544000.0,477669.4410340517
420000.0,531497.1782670629
875000.0,651706.9858310726
364000.0,319472.8154730915
600000.0,606501.6384515129
565000.0,451559.7477098608
513000.0,478513.62822450686
545000.0,425579.51758397266
625000.0,634288.5253119536
640000.0,565774.3410560484
359900.0,531306.5483323968
535000.0,460809.1846758616
545000.0,429125.483242676
900000.0,586540.3849243802
400000.0,433519.15244368196
780000.0,627019.7942421208
210000.0,337714.0573743542
666000.0,505581.9897788606
285000.0,438989.08122957876
669950.0,483851.3474135933
208400.0,387165.6737580187
279950.0,391183.7069782406
300000.0,451948.55378490343
465000.0,521559.63489030703
560200.0,492139.48798726883
735000.0,494012.9085199779
385000.0,375898.93650751305
554000.0,417057.9083702826
402000.0,394511.334654086
249000.0,362119.5564663892
601150.0,576045.8755275755
650000.0,629824.399363945
325000.0,225410.34023958186
161000.0,363421.9111089195
525000.0,434577.58024046523
410000.0,421215.45791133447
415000.0,358118.2373489524
765000.0,584593.0842129936
199500.0,269673.02547823294
417000.0,444874.61573868233
355000.0,357454.6285568363
669888.0,643877.5589597662
159000.0,403170.4160572626
328000.0,368646.2329939664
385000.0,366189.2187241164
460000.0,412982.9562131674
329950.0,412002.04026125063
765000.0,514901.8972037033
570000.0,454329.2527577777
426700.0,450440.90930205234
470000.0,552503.6714375227
372000.0,451302.39785142697
575000.0,465674.88375641836
240000.0,168143.62879871155
184000.0,196421.19334167422
562500.0,465312.6702871379
350000.0,645441.635345649
710000.0,533120.5862835053
350000.0,451756.7191681321
468000.0,572528.7440864759
210000.0,569202.375073108
605000.0,345159.7517846851
400000.0,536057.2112500696
345000.0,267544.60140770854
315000.0,331199.35806742084
762500.0,703686.4179615432
365000.0,255993.48723954716
385000.0,459995.3077271494
450000.0,453016.6527015384
572000.0,473745.65684349823
403500.0,478578.5233283482
380000.0,373323.9664942684
522500.0,440674.6429009064
362000.0,531198.5377436877
680000.0,587519.0005151628
391000.0,378434.1989844657
495000.0,533531.8833425482
215000.0,257355.78339011944
601450.0,543933.3537461624
850000.0,570529.6795073835
408000.0,438190.9761348217
450000.0,456692.55790536787
405000.0,344461.95607754646
128000.0,202218.5872726484
450000.0,350753.46330188384
233000.0,404633.14894452086
685000.0,640477.5647923716
255000.0,458460.5046873133
416000.0,343166.93166906625
430000.0,667905.778909956
295000.0,624118.6278677478
222000.0,339588.0760081778
578550.0,537690.7421238831
297950.0,420901.8314451496
652427.0,541915.4739274279
200000.0,219523.58906841412
449500.0,496091.51690265944
360000.0,356252.3466274818
437000.0,440043.626901956
385000.0,219423.28021233564
507000.0,382740.68449244974
460000.0,456145.47330819
175000.0,275536.45664149045
206000.0,305261.9908988899
283200.0,489080.00807022105
272000.0,471352.1767258149
385000.0,543226.9506236439
269000.0,305179.6731363498
699800.0,441743.27283709333
314500.0,402829.7619841606
295500.0,271777.8360918333
577000.0,513823.03862500587
520000.0,505315.71240017144
463000.0,363246.3895942568
685000.0,568918.4682541363
321000.0,488634.89818259986
370000.0,339755.19584515237
340000.0,653119.612371464
530000.0,503043.2511022759
433000.0,424904.012799143
687500.0,559929.2563913612
312000.0,324056.3510199844
462000.0,400129.6604246496
280500.0,551103.4621920184
607500.0,555486.1675717648
445000.0,367691.1805344487
382500.0,339388.5807387086
620000.0,499439.7228917529
465000.0,585187.301823046
530000.0,391406.0781337642
430000.0,472500.7620406346
280000.0,362403.3052156767
304000.0,260676.10093922744
508000.0,372230.9951182079
430000.0,195019.0378201275
270000.0,380597.7029452457
440000.0,664758.1036653839
529941.0,423370.03134304145
579950.0,636687.4424081645
176000.0,424121.818824981
310000.0,242914.86932185752
738000.0,659600.223430406
625000.0,572125.9907885279
770000.0,589542.227267064
330000.0,316444.3583247087
490000.0,472449.7239637686
245000.0,259616.01329997863
780000.0,698851.4962236739
689000.0,591662.0646905479
387000.0,414164.08391225484
315000.0,430722.4118002992
265000.0,361535.77091309114
530000.0,485943.9105739803
650000.0,563408.316769621
625000.0,417818.4649726073
353000.0,179397.40705824978
395950.0,510135.85716571123
500000.0,497039.9962364429
831000.0,606562.1081403411
500000.0,417003.7250882446
762500.0,677339.9590537889
236000.0,327172.0887654817
535000.0,358075.0660628202
415000.0,587055.687269483
237000.0,274386.22166857054
850000.0,956588.4447345702
338000.0,365817.81135086715
435000.0,273237.2363058867
807100.0,664398.7082198554
371000.0,351785.45059381006
650000.0,464493.74479775445
470000.0,636560.1195339531
255000.0,435250.30550737516
355000.0,440473.1677813488
557000.0,472114.00300495845
403950.0,408963.12124244473
385000.0,426301.40417558234
499990.0,427202.2031721899
300000.0,314183.46718811116
659500.0,582669.891087837
129888.0,185871.82769052897
752000.0,676545.3528550895
315000.0,311519.20569488726
800000.0,513403.58749982
187000.0,302425.19264231087
244000.0,326547.74471114285
615000.0,654828.9164858967
375000.0,444168.7543569105
215000.0,461734.2372576243
400000.0,422238.6642102251
477500.0,412365.7852517794
525000.0,646097.8468457585
560000.0,453438.6554452812
175000.0,182999.27078862468
465000.0,477582.6286107985
520000.0,438257.89395080204
563950.0,541513.6513364512
419950.0,500435.9325515665
329000.0,569035.3345154081
365000.0,271287.5474688773
397000.0,435922.9570598783
197000.0,374853.36578730843
435000.0,275970.115498608
493000.0,504544.86685764825
690000.0,500716.4144670471
177000.0,205260.98120308793
290000.0,419909.1242768868
397500.0,408896.03026952595
656000.0,471712.3919683191
222200.0,334541.30645175645
592350.0,411350.54093078687
752000.0,567867.6646324116
349950.0,459833.47633178066
525000.0,473577.63970096014
200000.0,327571.85571864055
299000.0,389922.05943529157
350000.0,425887.11918892787
367000.0,433106.76954552473
295000.0,239511.24830039963
425000.0,337781.9605875775
560000.0,493699.7373416112
432000.0,288811.4005201727
390000.0,451327.87434725626
639983.0,516423.96897354117
269950.0,378972.60530465725
284000.0,328792.71490461146
450000.0,519659.590935269
566000.0,496818.14100927976
219000.0,393165.8660502159
524000.0,518203.3227097243
426000.0,339188.9456562846
479500.0,386197.44046724134
538000.0,569231.2804359902
412000.0,361887.22902680805
327000.0,344411.3889001719
277000.0,300061.431304971
403000.0,354448.52274212445
645000.0,512573.17395718215
390000.0,511751.4904608858
335000.0,351689.81959223526
402000.0,310397.4769877058
200000.0,399520.2132992536
417000.0,461669.01002151653
525000.0,496977.76706483506
399895.0,602472.121545026
510000.0,484289.27560087026
359000.0,447855.77097213455
403950.0,461736.3697768876
404000.0,446645.4550438848
525000.0,493441.8210657288
545000.0,504714.246917761
320000.0,344448.15866903844
635000.0,583423.9422233115
284950.0,445807.34282834607
342500.0,465809.0422490546
445000.0,364424.1246695252
530000.0,513997.41771173524
415000.0,443954.10781192605
525000.0,640373.1435988314
425000.0,416316.0649794799
395000.0,465039.8038942631
524950.0,547281.0025233991
415000.0,361532.4095094692
775000.0,722168.7186467652
270000.0,404264.57516010525
630000.0,567154.1498885347
347500.0,532434.8032060558
615000.0,635109.5848126878
359900.0,394360.7872165656
425000.0,326873.2864592812
435000.0,456405.6526703638
325000.0,401178.8233762652
293000.0,441385.01053915324
529950.0,553684.5699055501
350000.0,353527.68093306076
425000.0,303418.1243389229
329900.0,453517.7102052463
880000.0,603124.7331830485
425000.0,311692.8605314331
390000.0,242524.50301025587
309212.0,266020.4179773074
530000.0,473287.1100333063
379900.0,429507.53568980563
350000.0,496989.3280767472
432500.0,420689.28692797147
443600.0,448813.1379282704
585000.0,592548.1130862788
285000.0,315054.6980702922
915000.0,397469.64888081874
520000.0,394702.01690481685
650000.0,706190.5062405305
164950.0,288644.30163449136
245000.0,360425.1176959201
405000.0,338043.7257193142
593777.0,335733.6913423656
482000.0,579310.1063189472
307000.0,445109.1455062325
243000.0,511288.1729848664
342000.0,346148.39168451366
280005.0,325143.382953266
310000.0,367108.6894586312
255000.0,302588.28862635215
174000.0,352325.6589256509
575000.0,475642.9821282122
416000.0,317322.4838242808
350000.0,399184.12048280967
372000.0,608501.7164732066
840000.0,687666.1325035975
193000.0,154477.62928520082
475000.0,314446.2262711523
172040.0,388666.78560874914
280000.0,305700.2214123367
435000.0,601488.6089580465
264500.0,421994.8128720139
352000.0,633416.5029183052
612995.0,564451.041710439
620000.0,644715.7684688054
205000.0,273224.2614828801
400000.0,431040.20932911243
179950.0,195254.7590372897
360000.0,526040.4045795948
415000.0,538912.6794997927
799000.0,517555.9032133878
667500.0,517771.92367109214
114000.0,283777.1261479829
365000.0,518640.4940011775
305000.0,338584.92907275946
406000.0,312929.7660951165
270000.0,230815.3773482748
530000.0,521192.6193546719
465000.0,442193.2888161986
607500.0,472876.2056745972
845000.0,733467.0073815715
735000.0,592367.211134491
327000.0,428166.03265576635
529500.0,520047.04891582835
350000.0,325893.64593325905
300000.0,501571.3837121248
420000.0,373864.8857562294
354950.0,607578.6110147616
500000.0,494153.99619779305
329000.0,393733.48156081035
333000.0,475821.1642045573
315000.0,355554.52685927274
453000.0,424796.8917003912
500000.0,597562.0551025452
419000.0,367385.54986604414
685000.0,539775.3721873789
389517.0,490983.5203529731
471500.0,401257.48991636565
555000.0,446646.9584743609
685000.0,509803.3171688731
474905.0,263179.3483174117
485000.0,375921.58240007295
415500.0,300240.7736334035
547000.0,526152.102231876
815000.0,358519.3814633195
790000.0,598815.6781903805
260000.0,293388.05625577096
312000.0,326016.690892224
312500.0,440909.96240415965
300000.0,391291.57096119295
777000.0,601654.7349743919
799500.0,573405.8139171149
558000.0,686268.4924598135
505000.0,339481.4760357786
400000.0,371763.5796554923
615000.0,494105.09034132655
987000.0,533233.8199861608
420200.0,322944.6506013147
250000.0,324177.9784020454
280500.0,451737.8103963521
410000.0,523722.709031072
535000.0,520575.99963766313
840000.0,509547.98015059414
739000.0,708633.8910724127
695000.0,642895.970077024
685000.0,527748.2176849
420000.0,620077.1780444569
485000.0,407142.5032276256
333000.0,327505.63384854596
560000.0,415659.1881032038
305240.0,324940.64332854707
539000.0,479229.8291458656
385000.0,320994.8908006394
210000.0,209666.6512248997
409950.0,361163.71645332064
415000.0,441379.53170129855
450000.0,426372.2794439327
313500.0,465433.6914151396
473000.0,451806.2187148618
515000.0,424800.7659320262
212000.0,260369.39960285006
865000.0,642048.1587662678
330000.0,388274.1667110037
505000.0,401015.7375432454
480000.0,510139.29537738673
425000.0,316810.4616206854
435000.0,422280.06017175724
525000.0,542117.973403496
475000.0,403601.87148984865
625000.0,649582.1704571384
250000.0,289854.96316159307
670000.0,452724.59145838337
348500.0,436685.6822615508
826000.0,499449.92904157395
380000.0,578220.5837302794
510000.0,345080.72502661834
613200.0,613868.0469976207
240000.0,291791.90706080635
302059.0,322867.875181814
189000.0,417923.8756721339
562000.0,508256.31708734616
206135.0,304724.0139611448
575000.0,515184.46859593655
269950.0,450734.75029279955
286000.0,204491.83717293193
400000.0,372279.1782522207
442500.0,342647.8183982176
317000.0,595483.6370528752
850000.0,621441.8275777258
629800.0,524423.0359127603
518000.0,406929.43432536745
333000.0,338590.89947416994
249950.0,266582.18705298245
415000.0,437939.75119970157
690000.0,452191.63370798086
675000.0,522260.7875999605
629950.0,531504.1142605584
315000.0,432019.9486148411
229900.0,321193.7296264046
431000.0,443264.1196983637
292500.0,370532.55046818045
240000.0,260191.3336400374
455000.0,414662.752481802
441000.0,385417.88321127335
324900.0,306519.1075644238
455000.0,469644.8052862225
219000.0,168674.16349935092
615000.0,493710.4474403841
625000.0,473777.901742476
417000.0,475779.428309784
425000.0,364187.60019060544
535000.0,574081.3179572094
397450.0,540689.1921237826
275000.0,238132.52866697748
332000.0,326775.65617895673
562500.0,611907.8004460979
598200.0,527459.5141850846
716500.0,735548.6701503928
545000.0,500141.55524503987
466000.0,395203.27551975
190000.0,182767.57160243683
555000.0,580301.5562760934
620000.0,561218.2902136745
400000.0,356862.817241325
435500.0,356304.527148292
300000.0,292246.8005003348
525000.0,531236.5180996368
675000.0,577662.7613941658
350000.0,563865.7578495385
335000.0,469253.86949737667
360000.0,343344.59750783717
580000.0,406588.4971934197
346000.0,289240.30307208793
607000.0,527191.8401043491
450000.0,401443.5325827715
346950.0,380451.94310234475
415000.0,365385.58344925457
690000.0,701759.9424798274
310000.0,348413.02378743445
272000.0,336900.57067182224
439000.0,457478.46653069416
552500.0,412740.3457053794
379950.0,485092.76016588416
760000.0,663232.0231085854
262000.0,370219.1337959238
675000.0,598491.778349118
412133.0,393329.17355568934
260000.0,183637.46506830805
430000.0,359792.7265912435
265000.0,285355.17514804436
275000.0,378366.2404096514
341000.0,438992.17231183004
552700.0,452570.6109586437
359950.0,404897.1495498399
476500.0,408069.87490600126
672500.0,586271.6008705933
269900.0,346356.54301265
989900.0,710755.9930322573
300000.0,452270.8755179194
305000.0,311830.3248156461
334900.0,406638.9324501401
355000.0,474941.60523628566
515000.0,467072.33204720175
556000.0,575988.1069557212
178000.0,391040.64277742826
350000.0,334636.6719655358
529950.0,434599.41648334736
272000.0,339297.0417865621
475000.0,374391.87936899025
920000.0,885260.1255841249
640000.0,447286.8046251836
368250.0,503960.6870111418
510000.0,528148.0135564774
315000.0,220971.14362729812
250000.0,212178.6040044753
515000.0,425429.3071173353
560000.0,642225.3025007086
220000.0,397152.56607479067
305000.0,315570.9805559558
376000.0,495109.2174252821
266000.0,347145.40666953335
585000.0,338802.62637420883
239950.0,385039.2696494345
585000.0,596045.2302383423
710000.0,664117.0974920242
402300.0,483145.6916756652
589500.0,770981.0161939888
379950.0,465467.6747710714
328423.0,431622.0633823337
475000.0,431440.8730602334
280000.0,360212.5717655651
380000.0,356090.2066062601
1012000.0,625278.9618854809
398000.0,350522.8582273339
649000.0,524992.2659988634
720000.0,549244.0559999368
315000.0,469828.6557321232
660000.0,677530.236016193
338000.0,336146.7689557019
525000.0,514114.7761492959
299000.0,598070.6312807383
505000.0,476462.73159496515
320000.0,297943.708941505
340000.0,233814.2061690881
470000.0,526881.3825345783
301950.0,279987.08482121734
837219.0,620062.9368431469
425000.0,483979.5585622578
150550.0,378495.0301994874
238000.0,295791.3842302399
776000.0,551967.7635679782
425000.0,378113.977087058
354000.0,342721.0560639291
377500.0,322901.9879950131
261000.0,253727.4382162469
563250.0,433731.69099806994
330000.0,172688.02524381783
381000.0,545072.2272771769
224000.0,307941.4565665306
516500.0,347204.453933495
329950.0,443454.30905892537
606500.0,492948.3750997619
505000.0,613523.0287945761
600000.0,463954.1606407036
565000.0,489268.2813135333
615000.0,588986.2435610188
330000.0,211186.34430542862
356700.0,391737.29598919424
538500.0,561524.4075556601
300000.0,508838.2355291131
715000.0,562429.3548970964
325000.0,466909.20812784776
620000.0,454292.49327086157
185000.0,327777.93249291327
450000.0,386516.1835029144
240000.0,311445.7722448005
710500.0,691782.9632502391
270000.0,390677.55067312403
831548.0,643860.7836217076
615000.0,575385.7669248867
330000.0,495038.4286094823
525000.0,547597.0656506143
248000.0,560310.8781147934
475000.0,529439.0285248131
176000.0,234844.0972147503
454000.0,394718.7924929207
290000.0,406221.0163607254
533000.0,506236.1628428438
899000.0,561665.717233842
250000.0,308100.4211074534
519990.0,495527.37549379864
348450.0,449202.8268708547
366750.0,464170.99835589796
350000.0,291907.70231671835
449950.0,546415.624078855
379500.0,496266.49312708224
655000.0,600595.3066159078
290000.0,401983.9487836716
665000.0,438861.0189958868
510000.0,633675.4703038594
890000.0,647696.0862709399
489000.0,732902.0688413538
349900.0,492634.86486399884
700000.0,673936.2882038731
427000.0,403648.88807496824
366000.0,435955.6042149606
736000.0,611797.6451446206
250000.0,474337.9527436311
418000.0,359429.3585516807
295000.0,529732.2934013386
215000.0,230957.70873038823
358000.0,325028.9198746049
405000.0,470955.8022881473
333760.0,311387.9895136895
680000.0,407190.80647237186
677500.0,691689.4467385013
649950.0,510453.6763465052
565000.0,451269.6763908069
219000.0,291197.5357536909
455000.0,384280.170143501
338500.0,437753.4091111994
210000.0,375989.0891188278
270000.0,398872.76649403694
539000.0,580585.0524165492
358000.0,446149.6511554779
530000.0,432739.66287306737
460000.0,363882.79971747065
615000.0,515550.6097355365
275000.0,246143.47815980352
225000.0,426658.51681364136
305000.0,377148.12466973416
289000.0,197653.36147916678
220000.0,236930.66266130086
325000.0,318845.82389890286
277000.0,352477.40368403407
779000.0,570168.6292743006
404500.0,566250.2075867489
399000.0,644858.240331191
220000.0,290478.6767771769
662500.0,675229.8285284088
455000.0,259732.61805973647
435000.0,411157.46563293994
316000.0,400677.92341669835
439500.0,330039.7557667427
337000.0,324385.983411944
219000.0,227716.58097926783
350000.0,311518.7687771819
467000.0,489977.8850855258
245000.0,344060.63838749717
265000.0,358187.2438364674
390000.0,421794.599133431
354000.0,533989.5996498856
363000.0,631217.5156221595
338000.0,301894.08176481194
268000.0,307735.66845795733
775000.0,626599.1379317084
263000.0,409929.48868543655
263000.0,386957.83731026837
231200.0,260668.063227289
825000.0,625838.1665274077
310000.0,376001.7478232316
619000.0,514061.4570746049
745000.0,619092.139344853
360000.0,476628.4653032343
235000.0,333862.84551962785
330000.0,519628.9325643512
410000.0,393972.88069759344
382000.0,283451.0842820332
781000.0,622428.446028666
350900.0,584751.6064344795
429900.0,683136.3452246664
427000.0,464140.3422906553
322500.0,340675.46044509945
405100.0,284775.44133408135
675000.0,738908.8944934362
480000.0,441792.19139108993
325000.0,441420.5319855394
251700.0,368889.7543482215
625000.0,497546.9087981347
702000.0,652950.0625417369
329950.0,387870.80972371006
419000.0,259619.01554025483
380000.0,348738.7997845362
375000.0,343193.4273394759
339000.0,596713.4235363884
715000.0,609684.0852274875
375000.0,305706.74195887166
287000.0,306902.4806427455
650000.0,534131.686916022
305000.0,379126.73366476706
359950.0,498555.743393295
590000.0,442764.253365992
690000.0,640713.2879685893
575000.0,515738.4502886743
700000.0,625514.0130274219
282000.0,378265.89133409417
205000.0,407744.0312960642
375000.0,406494.7838185289
520000.0,517410.08862315863
227490.0,389542.7541593251
699188.0,685240.3033276139
438000.0,341217.8390295115
216500.0,203794.5864171517
485000.0,567699.7752980822
180000.0,329628.9109124155
375000.0,311979.5743109245
545000.0,508125.6989029172
393000.0,400155.8126572816
328000.0,485417.5733204356
336000.0,249146.09002960124
479900.0,493779.74337446433
377000.0,364468.4094093977
540000.0,433095.33340088266
425000.0,572508.1004222399
265000.0,467039.8934256571
300000.0,496587.82145710516
280000.0,345597.68821971596
225000.0,339822.66914542526
335000.0,567869.3684955718
580000.0,441065.818385983
790000.0,559449.3041615373
275500.0,377864.46347547334
275000.0,416979.19640658685
599950.0,527414.6423110404
359950.0,427044.8767978436
370000.0,491544.4041941359
614950.0,610459.0287614734
325000.0,356075.58729505504
295000.0,488956.9094081746
399000.0,365065.8582803774
610000.0,519850.8694225936
227000.0,249272.0783659918
720000.0,515953.1504302203
534000.0,391671.25600355736
598555.0,669875.4191868884
680000.0,654702.8201475801
229000.0,318854.84613850084
397990.0,348221.4365489006
370000.0,372594.9050312387
441000.0,489582.7410462346
487585.0,357176.6695985574
605000.0,579134.1845671103
260000.0,292250.8236894917
220000.0,338114.4442438685
175000.0,347368.32224701066
279000.0,400942.6050678819
334500.0,525650.2564615413
822000.0,633178.2507982836
285000.0,267701.14584307314
506500.0,405345.3208375803
201000.0,323478.1943056673
385000.0,570238.6109736051
494000.0,500774.41305037297
325000.0,180794.24324856407
190000.0,260071.01919102343
150000.0,413866.27893237455
217450.0,342962.9035131218
269000.0,221813.84574947538
560000.0,589840.5881423549
926250.0,510123.0943654827
329950.0,249776.04784303327
560000.0,591557.8544734198
350000.0,377372.40820919804
275000.0,473685.0626142004
430000.0,520864.3855528219
225000.0,328311.2563010462
762000.0,732816.5547848273
525000.0,392355.8481328746
323000.0,239829.4444362374
150000.0,322068.00389807334
248000.0,423095.7470241759
305000.0,404526.2884063776
360000.0,362415.4214249401
525000.0,400856.2326070643
735000.0,752071.7165130029
657500.0,588410.3125331736
750500.0,546552.5685339039
552500.0,382207.66019344924
298500.0,338337.4699536138
525000.0,431305.76028865296
190000.0,246455.57766660984
329950.0,315589.4615975995
245000.0,383380.80776558636
305000.0,678341.3513650537
220000.0,445349.65035860107
385000.0,464269.57726818277
475000.0,440458.3007018788
315000.0,234773.46434133567
249900.0,318479.6370737371
530000.0,362892.4764759718
377000.0,441885.14721972554
321000.0,374159.9466371796
530000.0,400797.84280014783
265000.0,475516.7812689982
252500.0,441424.87055405334
898000.0,652355.06478842
474900.0,366915.9288364762
359000.0,438634.9908436064
395000.0,276544.0098742324
425000.0,379128.88896776293
324000.0,455954.96050970827
250000.0,329949.04559968936
479349.0,571609.7192607418
183000.0,354875.35616206814
432500.0,545061.5906333425
263500.0,252067.68555937734
299950.0,345896.2061584248
534500.0,439153.17375609325
226550.0,238534.52862827817
531000.0,603132.3299027722
195000.0,348214.2883241428
447000.0,351412.42050126777
515000.0,539073.531469724
442000.0,370093.7287819984
414050.0,369285.0940845035
775000.0,606858.8353931106
235000.0,454337.7711742847
501000.0,500693.7493679685
332000.0,374751.5263894856
188000.0,343070.48544559133
541500.0,468727.6436496737
470000.0,428480.7854746949
623000.0,505028.0298287184
265000.0,400891.3165871311
345000.0,293279.2440903107
728050.0,425571.2110047655
240000.0,312860.6279992024
507000.0,412530.90442992107
325000.0,396682.74870229536
353000.0,420588.0067827499
281000.0,331350.011528098
245000.0,288479.094219219
535000.0,405220.8443271284
550000.0,534070.5856618133
850000.0,632987.2195007093
190000.0,351981.76356858015
384400.0,477312.5844843065
579000.0,582540.4836667059
500000.0,488685.2777696027
650000.0,806867.810331304
193000.0,146101.0241932747
600000.0,555512.5891444293
385000.0,417587.9921716443
329500.0,365442.9377862377
260000.0,316832.6320752818
385000.0,436036.66399251367
610000.0,602021.811191698
270000.0,495249.6170712742
353000.0,433435.76343395986
498000.0,523014.7868798317
380000.0,336375.68458002835
513000.0,450030.13486418355
294000.0,548187.0067970597
360000.0,278028.39092975965
515000.0,463705.5011930468
515000.0,599163.6397698496
210000.0,267068.07213917887
717500.0,502864.1365773957
425000.0,489541.9657856261
295000.0,205491.8917245133
265000.0,343859.4854591559
289950.0,366769.1098953473
222000.0,322910.18158846145
817000.0,698722.4981338414
230000.0,369829.78285366076
265050.0,230010.69464862207
442500.0,414519.8606899569
355000.0,326362.97344983893
1008000.0,620959.3126513093
315000.0,296003.46686111786
952000.0,643614.5733719167
635000.0,491068.10843901744
272000.0,360525.3916633107
386180.0,290992.44924549246
475000.0,601661.0138554334
600000.0,455860.1159685629
507000.0,424214.59547245177
386000.0,355245.4861795569
449400.0,415014.33471845125
583000.0,455548.8174830025
251100.0,340620.3615043309
640000.0,613537.455947615
766000.0,633882.8086784286
315000.0,233855.74354740288
325000.0,476883.076509035
315000.0,330659.4682136936
272000.0,392882.036839867
355000.0,304194.66328092763
835000.0,655996.1309720061
370228.0,444692.08360113413
210000.0,382956.1428803607
257500.0,362128.03477490216
535800.0,464303.55470787815
661000.0,551811.7616412017
747000.0,504072.57381449477
440000.0,409070.1837033782
150000.0,239328.11652992025
365000.0,331004.53010416555
390000.0,439829.5050914185
765000.0,495729.892002371
415000.0,386587.2685510155
669000.0,544672.5128511469
667000.0,553333.694540452
380000.0,241214.9668838184
460000.0,353445.8802931155
250000.0,361804.13993533363
257000.0,305029.04465107096
353000.0,420691.14702675276
427550.0,383510.54050769523
548000.0,347069.18173077423
610000.0,508423.8005855958
525000.0,513606.85598247626
430000.0,473756.1143960529
735000.0,633388.3965531994
246500.0,307508.21851795324
525000.0,355842.650502985
479000.0,340795.3119425342
599000.0,531708.6139137746
907000.0,540103.8601656494
495000.0,521125.42659178365
345000.0,324027.1761491582
625000.0,648008.86544534
449950.0,641123.5226635602
255000.0,334838.6233660811
538000.0,392666.1744451008
392450.0,626201.0834060546
730000.0,750627.1975771689
900000.0,790121.2906070057
465000.0,322498.21437141544
499950.0,342666.38505937875
360000.0,472039.23878248857
414500.0,395268.7200143682
450000.0,338961.48681567935
557000.0,508490.06504868256
499950.0,535176.1508999764
435000.0,386899.574157184
589000.0,686029.0496606271
708000.0,421830.7684025917
320000.0,373130.5795161128
725000.0,362576.8431187205
432500.0,486385.84362863214
675000.0,374670.5182072866
202500.0,301164.76233647915
435000.0,411301.9773328889
615000.0,312967.7186618584
239000.0,270734.4601964948
450000.0,455441.3089034539
572115.0,673869.1834333322
305000.0,339315.02875828225
287000.0,265661.75889088423
152500.0,238535.41411817644
470000.0,505898.7062389944
225000.0,496968.2424715379
324000.0,356517.87705647305
205000.0,286331.91409077717
400000.0,377901.2855781634
287000.0,429672.38132906565
445000.0,430280.0229684869
500000.0,482953.2231635093
553000.0,374056.6264794835
410500.0,328039.2374268791
560000.0,448653.4417694268
362300.0,460003.762565542
685000.0,656877.3011085746
270000.0,415417.3554184197
398750.0,502938.68638364866
455600.0,423748.3911911747
457500.0,380792.50604497164
699000.0,551802.203327959
230000.0,341357.67061827116
260000.0,393570.5592724683
300000.0,466930.6745992634
205000.0,398102.66654735454
415000.0,310280.4919508096
590000.0,612649.5598571373
284000.0,369310.28655594157
325000.0,309238.07858964347
900000.0,512851.56288819876
532000.0,407385.6705301421
313000.0,319344.49383366294
278000.0,392502.1791121161
285000.0,283054.057071845
510000.0,416199.38249206886
295000.0,360264.0710523342
500000.0,471138.2517965316
280000.0,306668.0049838207
790000.0,441189.53665881534
591000.0,599407.2638155451
438000.0,452499.9810618116
359950.0,451383.6243059471
425000.0,283330.9764413308
465750.0,661809.7635418406
140000.0,325600.6204190177
305000.0,378615.7905409438
235000.0,347589.4327330363
525000.0,590482.9079555437
420000.0,428367.6053230235
279950.0,412764.5494120164
440000.0,538471.4404437206
324450.0,306336.8559308626
405000.0,409031.0374110114
365000.0,352991.1181213406
299950.0,368635.0376167672
552000.0,409671.86463239137
355000.0,496802.0981012053
305000.0,324130.1175320898
110000.0,170982.4113062204
325000.0,320011.3624017891
427500.0,410587.52776398585
375000.0,488261.2130877258
168500.0,273689.44486258755
362865.0,473261.52190661046
485000.0,396433.23517272394
230000.0,344496.11452420254
535000.0,532375.7018196218
324950.0,342517.64563403896
489000.0,352407.99221911933
754300.0,527635.5072752838
329000.0,308632.218732872
380000.0,244426.15289945985
447450.0,422746.03202182765
430000.0,325091.1607600464
270000.0,544409.0680952632
199950.0,465678.1703422473
715000.0,517709.0374149877
405000.0,373961.6914356062
260000.0,452270.7502641919
332500.0,281118.378680705
278000.0,245760.1978946532
445000.0,235305.0199577724
304000.0,353622.0542955195
625000.0,499678.17485679593
373000.0,415555.1966299591
359500.0,442309.2781299172
253000.0,252191.9737684709
368000.0,430738.6246722231
680000.0,528307.0279507675
439000.0,335264.764900821
590000.0,463885.7492075496
264950.0,334241.23376188055
275000.0,413492.58694409014
338900.0,326779.9465417426
517850.0,623150.764626271
436000.0,479098.4406672766
899000.0,451187.7471065966
625000.0,523882.11769636243
232000.0,176469.02518414173
510000.0,436028.8025061893
485000.0,475335.83201404137
372000.0,328036.1114944733
483945.0,335259.1295359288
511200.0,461994.0907632295
509500.0,436378.60835287964
279000.0,279251.92569628434
570000.0,434222.9832395116
259950.0,485676.0613711952
340000.0,499241.18467828806
229000.0,285397.98656296614
276000.0,524133.15515524196
517500.0,361870.5889226664
626000.0,602957.7996293787
489950.0,624038.4810602491
257000.0,455396.7882444563
350000.0,499374.49980825314
400000.0,390078.3074700503
450000.0,399016.10098277393
760000.0,422436.16721781035
442573.0,357310.2084232662
450000.0,378526.8953919095
245000.0,392848.5674200092
254000.0,365246.6520366197
550000.0,442003.47989905195
585000.0,601290.8262341869
354000.0,491968.51034533733
275000.0,358279.1062482286
195000.0,343022.2513662961
200000.0,384872.33710632706
240415.0,319570.39873701165
439000.0,336161.03767242236
260000.0,380207.52072083217
293000.0,346820.2872615942
530000.0,333373.4336013836
225000.0,196580.99088427395
667500.0,668016.6226764836
653000.0,480042.923705024
445500.0,458272.39016168047
270000.0,241482.9082122237
239900.0,207336.5370862342
671300.0,480577.89911100024
259250.0,215056.21835927118
321027.0,549663.4409080815
240000.0,183291.86803509106
258000.0,332661.31626216933
479950.0,652136.1349343362
341000.0,503957.92797454755
519000.0,447619.7074290918
450000.0,378032.2858923571
235000.0,328849.54621552833
300000.0,329581.75569431146
294000.0,292261.83584865276
379900.0,429503.0681894643
757000.0,703732.4012964458
215000.0,473322.8235371073
654500.0,557496.5134897948
450000.0,309859.0496585929
799000.0,677793.4809489354
423000.0,477896.22694306483
494815.0,440428.2802564786
400000.0,495247.0378786167
582000.0,454841.9347706585
599000.0,483465.9114689111
875000.0,675212.4512411944
560000.0,539875.5355546185
269950.0,312281.173634135
345000.0,315403.43559566163
325000.0,299899.1827912738
179950.0,282031.488224924
245000.0,553186.3699106503
345000.0,614681.4732276889
615000.0,445327.8803635555
355000.0,328334.10338306375
371500.0,401459.4295226454
357000.0,382542.1473764838
310000.0,477525.69001843187
500000.0,675888.7955836022
482500.0,337197.84575798514
710000.0,651319.8195999181
400375.0,314920.8051096568
225000.0,231821.75006950126
425000.0,320074.8637224733
868500.0,581434.1985677507
481450.0,430679.32238237397
315000.0,341036.3555750222
510000.0,296616.52345662453
537100.0,520590.8685243628
485000.0,668020.047222137
185000.0,242258.81870569
510000.0,435889.12485651113
390000.0,383362.14536605286
541000.0,535628.1070154522
257000.0,232494.9210320693
435000.0,314294.9400774179
420000.0,411699.5101895333
841000.0,688472.4665239515
375000.0,303394.8089725879
350000.0,354146.4515304197
235000.0,360881.61696555023
520000.0,548915.1595920807
429950.0,382147.5173337633
410000.0,495939.2866050888
411500.0,354398.47369113105
420000.0,433991.9191359173
528000.0,556474.327563044
249900.0,264727.4853419701
315000.0,371630.10958657623
535000.0,451706.90166447894
315450.0,475877.4475061919
385000.0,367092.09317770717
215000.0,201661.29504606803
826600.0,730034.4923254302
500000.0,416360.33586869214
479950.0,374252.67774643365
302500.0,354010.63436926797
446500.0,556098.9023969827
430000.0,369514.2319142496
470000.0,428262.9979126649
465000.0,370914.874083373
325000.0,547644.5120295818
283748.0,351532.144367517
415000.0,545872.3836022808
329950.0,478354.09132022073
919204.0,648139.2327735336
578000.0,480157.7340674532
478000.0,419383.1396722562
380000.0,503205.10972394515
505000.0,523481.56147256086
225205.0,173678.52905408567
286000.0,307577.14454581006
230000.0,435961.5928012999
372500.0,368551.5143577232
481000.0,449976.8201811969
589000.0,444887.16298150993
906000.0,568845.3155463628
238000.0,296695.3659359679
304500.0,471912.7593962426
316500.0,373780.5340266456
460000.0,360218.5841329858
530000.0,604902.7819189789
550120.0,531794.918855011
655000.0,627756.8513662992
824000.0,625672.5596518012
535000.0,599588.5419665982
346100.0,279388.5646255214
459950.0,511300.59013935836
166600.0,302347.9200681097
589000.0,446211.0637618303
299950.0,295533.88346277067
575000.0,562483.5198503283
499990.0,493526.5358496419
285000.0,184666.5371368869
425000.0,409233.11123902124
610000.0,557308.9289913644
715000.0,564845.8330862778
329500.0,365388.57029275555
334000.0,504080.010854573
220000.0,227082.39448353674
292000.0,258759.68958951219
449950.0,380598.7157173687
626000.0,433305.71838166035
402500.0,419774.3958717376
627800.0,515508.0967960842
439990.0,462955.4279522438
489500.0,532308.1467809544
650000.0,596694.135383309
180000.0,200976.86255288607
317500.0,396974.6407149396
482000.0,400133.18661634007
319950.0,443643.22834018327
290000.0,490680.2519565297
638000.0,445507.9329108403
425000.0,388337.83442185767
235500.0,359204.12471504515
467000.0,441684.15487794223
290000.0,378705.12860512314
725000.0,640280.9044751048
585000.0,456181.93185353075
433500.0,372415.13153525256
369000.0,303519.2184516048
615000.0,542152.8070082352
317000.0,357779.6565500194
380000.0,332405.7081999707
536500.0,563869.0321989807
773000.0,636419.595238075
398500.0,419798.07998879347
294000.0,384424.2561883753
754842.0,575309.3128124999
212000.0,345898.9809706852
330000.0,374912.3621155312
310000.0,490402.74887181807
328000.0,346703.0284561746
749995.0,664214.5645791399
369000.0,400157.24114437465
225000.0,382498.88013190706
577500.0,527190.4601718795
350000.0,434437.0848577664
340000.0,420073.5818044832
265000.0,357227.86975809373
448000.0,355642.11580558016
461000.0,351586.93496539566
180000.0,303358.200530963
235000.0,394454.91483560065
355000.0,325879.88183731
497000.0,392878.8034675488
462000.0,622345.8632515463
190000.0,334956.2887581014
352500.0,336293.1941898671
532170.0,441396.0965609496
245000.0,297681.2452695813
475000.0,350786.24481146724
575000.0,383185.970019419
336800.0,320365.3804843574
412000.0,385504.08918705396
665000.0,518218.4813593235
199950.0,430270.6626422516
545000.0,527068.0600552104
309000.0,233265.2066660311
530000.0,409297.5754769114
654000.0,594694.9670234093
400000.0,601814.1742355961
349950.0,373559.12252636853
842500.0,833016.70457273
325000.0,308180.7762751087
335000.0,432159.0601485551
432000.0,453474.1449836019
580000.0,497241.03375180566
333500.0,416374.9741865077
149500.0,291708.06714509084
365000.0,452202.1668778311
487028.0,500972.2555039126
525000.0,483095.81744807214
260000.0,302969.48354696645
250000.0,450673.4478214367
399000.0,520766.4393920108
405000.0,527647.8042113719
382000.0,494465.47320035135
230000.0,294194.2233975712
344950.0,279457.66013997956
432000.0,376863.4490402549
515000.0,441386.4502949788
440000.0,598661.086097455
515000.0,437131.3264611884
660000.0,560325.9139620262
305000.0,380657.3110624533
400000.0,361404.6830990736
390000.0,331314.05020267493
353500.0,406117.861281827
228000.0,426568.1475671161
463800.0,321614.3154137633
425000.0,328451.83403008885
410000.0,350379.96728562075
689900.0,668159.5564154055
457000.0,592973.1887709328
580000.0,389489.1261204464
380000.0,424430.72661625315
310000.0,476735.437642267
239000.0,375103.21177437133
258000.0,269515.5488447704
292000.0,596563.5829725213
361600.0,280103.31584314466
557500.0,416012.8587972845
312500.0,322870.0585137928
363000.0,411934.2134450632
400000.0,476491.1224112107
342000.0,467278.27178454044
306000.0,268737.4615151987
311300.0,349440.9639174212
545000.0,409701.8827463621
455000.0,412903.08109923895
417250.0,449963.52697473625
245000.0,420823.7970358593
800000.0,600012.9519122428
200000.0,213577.41021022212
355000.0,380480.0614408891
228950.0,248496.19127141466
375000.0,373988.144951204
540000.0,419335.89376964234
305500.0,374648.1582351534
315000.0,379374.25541020127
352000.0,509169.5132792803
335000.0,356556.65213187464
475000.0,346426.7702622922
430000.0,604524.2630826117
970000.0,653091.8153876651
290000.0,482331.46040335257
270000.0,425872.06762872124
305000.0,485985.6704801532
460500.0,338164.68481965736
665000.0,501586.2220768478
489950.0,507970.4649082995
333500.0,447569.898491757
351000.0,382936.8006186323
280000.0,352965.85478404816
420000.0,343269.872990577
485000.0,472534.960564377
550000.0,588064.9198261062
257000.0,617827.0446905416
451300.0,417390.6276335969
310000.0,307698.03447222285
376950.0,489080.2439184579
345000.0,544733.4217114053
544300.0,358370.74876832357
378800.0,529450.0829515146
380000.0,421095.5471401856
200000.0,248247.62862969376
230000.0,287154.31960065104
480000.0,435223.16010620503
126500.0,205198.25650609087
415000.0,474711.61471515615
261350.0,325708.40108245483
320000.0,353429.22697454505
269000.0,266311.98472220835
515700.0,487656.7687100059
470000.0,499133.31714323245
455800.0,341888.6829302164
915557.0,766742.9389446574
313000.0,536965.0419544452
787500.0,368016.28039417125
240000.0,408495.84672202036
700000.0,685508.9142873497
750500.0,763057.3054122467
300000.0,365617.1671826672
589000.0,502805.8085849136
726000.0,528608.5236779801
569500.0,591009.0377481899
572650.0,457930.0522240978
352500.0,331867.6108319037
370000.0,400801.4177751249
328000.0,294246.69620167266
295000.0,393801.1273739266
419000.0,409018.3269675926
200000.0,341509.06099129026
455000.0,391466.79562308727
705000.0,469656.3917750415
446000.0,328675.0972062849
659000.0,619897.8150306294
483000.0,454997.8309417818
375000.0,445597.92756804544
541338.0,538275.3999000533
325000.0,525465.6446261411
235000.0,373294.03520642745
211000.0,364783.63889928954
570000.0,461257.35007205047
370000.0,634044.1341679583
665000.0,725295.8794136281
390000.0,422545.3948016275
760000.0,522758.40831600915
592500.0,537147.8905999234
151600.0,243504.53282098807
646000.0,551103.2884192705
925000.0,626173.142670116
407000.0,357346.3646794509
480000.0,460115.75171913486
336000.0,268756.19317337277
410000.0,230320.44782121322
525000.0,526553.9804776905
234000.0,156735.99598460388
415000.0,486128.8474381565
747000.0,623809.3297130556
350000.0,465529.83816404216
350000.0,481699.3819440092
246000.0,388157.6523044635
550000.0,454445.0682892259
355300.0,434805.8561573707
286285.0,350645.35574032995
206000.0,332479.8596353177
725000.0,445188.1715391624
486940.0,558429.8695883262
465000.0,388920.67762760806
406000.0,370973.7884863148
883000.0,612851.260114186
334950.0,363133.82391142694
465000.0,489702.7007310089
350000.0,350774.4442658499
425000.0,299896.1602813768
465000.0,506345.64944526297
405000.0,201652.86886154907
300000.0,224944.66217780378
390000.0,322413.5945881242
638500.0,449787.1023852252
925000.0,663971.3335679419
165000.0,207336.5370862342
667000.0,411316.8985922712
289000.0,273277.6517801513
473000.0,309472.83153971855
530000.0,612684.4470568054
435000.0,347108.167576381
419900.0,635879.3426237694
475000.0,495084.7976543591
290000.0,267028.4611170848
309000.0,377924.24053783866
292500.0,379187.5412241108
305000.0,259025.98759156352
597400.0,413559.45032594155
569500.0,485885.22927466885
294950.0,218463.33196146926
450000.0,485444.0661678631
374500.0,673664.9351207579
686500.0,658733.6490871436
125000.0,176539.8101098396
502000.0,436050.73486811796
718000.0,441629.3125577732
367500.0,383648.2493719215
377000.0,443390.623710941
437000.0,458246.6709936516
339000.0,428599.0731971393
302500.0,539211.9981718686
355000.0,285737.278148131
534950.0,499691.4999224609
382000.0,463600.085484202
279000.0,317433.37166386185
690000.0,549832.2991453275
589000.0,535879.0043619783
559950.0,549182.5702816645
413565.0,440795.298853848
250000.0,470457.6631581486
241000.0,397255.6810643702
439950.0,501238.8555006543
369900.0,502482.4853955343
442000.0,627795.3943684374
700000.0,572385.1892569754
400000.0,374580.9092925023
1013050.0,675248.0078683518
539950.0,444330.1104446313
455950.0,468714.8331219684
325000.0,267705.9029937504
607500.0,469774.0990142693
452000.0,413082.5518725117
254500.0,530326.3385171557
300000.0,414205.27859646216
681500.0,635998.0689751236
500000.0,474060.6538797654
299000.0,334458.63771386864
430000.0,432033.74799241417
279500.0,285345.7567569476
330000.0,361585.6681930262
200000.0,487691.8640896352
180000.0,167448.86345652002
330675.0,355125.80385399883
123300.0,349321.4280296761
401000.0,615859.5647954411
419995.0,422466.6785597911
575000.0,555739.0350820938
385000.0,389195.35162633256
635000.0,411513.70533873595
405000.0,325247.88910360134
288400.0,372139.83005191945
210000.0,334012.5860052532
239950.0,391197.6960996509
342000.0,256466.74243490142
270000.0,253774.81959252304
403000.0,242359.4437040263
515000.0,506084.21166656725
518000.0,498139.1492265366
274000.0,206255.1275066086
302000.0,346925.4641881128
206990.0,197506.64111079753
458500.0,320856.7868055648
249000.0,262658.36518318055
849000.0,764365.0751238846
298000.0,485721.2665093235
533500.0,531375.0558185191
443000.0,458051.7120764606
290000.0,307212.0682310642
432000.0,487699.5368351291
345000.0,421698.73330106447
416000.0,473653.74995825265
350000.0,403210.869514895
472800.0,529986.2892867196
615000.0,600881.1265304914
169000.0,437762.5579776374
885000.0,603988.4147890918
321000.0,487288.2123391742
351000.0,245623.9779210793
237000.0,326264.89411093324
837000.0,545338.9875681938
305000.0,262164.3041650041
453000.0,368474.9967786764
600000.0,625587.8568652269
462600.0,421089.15098227863
235000.0,362903.89288396423
415000.0,366026.0359572992
445000.0,429878.6745305349
528000.0,462831.29995225364
294000.0,279086.6221785833
275000.0,199319.31274092407
204950.0,304693.5195031472
520000.0,502268.4613644155
353000.0,441472.3895406166
682000.0,407284.34512345144
740000.0,622670.858737503
259950.0,233837.77039498911
285000.0,489188.89566266886
195000.0,336385.67324788054
270000.0,312467.61068489496
469000.0,669490.1135555677
541100.0,625621.2545949758
520000.0,519402.0245750377
370000.0,386971.8328941059
325000.0,270542.7419630749
495000.0,434726.1717281627
310000.0,508152.0621861343
299900.0,480506.5081401343
392000.0,397833.743229726
362500.0,350068.4854595214
900000.0,396495.244317173
665000.0,598873.5630924416
496800.0,436350.46643622196
635000.0,440594.81217233674
535000.0,567015.9965923196
585000.0,487370.6238769548
464000.0,523137.1461320109
600600.0,549789.8261558603
200000.0,251414.99340431552
267000.0,411969.2782850644
190000.0,276056.81519599917
410000.0,418685.06147836975
363000.0,492255.65351020475
499000.0,540522.6707882887
96500.0,119295.37221991632
258000.0,347928.30572480266
295000.0,341390.7349838101
350000.0,447953.72294198064
435000.0,403310.71808014804
330000.0,459943.5892290657
284200.0,327347.1801476166
316000.0,510629.35680013464
625000.0,407613.8249948331
450000.0,456679.29193135456
405000.0,353374.97932940157
450000.0,404780.8996237628
397000.0,309361.51434744534
250000.0,400858.7592771291
630000.0,463345.3186099184
430000.0,432308.12846248527
239000.0,301800.9489585056
280000.0,218531.08212783508
220000.0,301964.47925397445
410000.0,300128.14568410616
600000.0,595301.9511264141
575000.0,516580.71525962837
400000.0,391297.2143219279
710000.0,546987.445048484
506000.0,560525.3351234824
252000.0,359882.47931155434
750000.0,528037.0240695007
544500.0,438065.09447963623
336000.0,313775.1318315144
158000.0,313542.2185771284
255000.0,332426.8960583389
363000.0,449284.1366338227
500000.0,464247.5023662781
751000.0,644213.1368059136
760000.0,689944.9892083905
269000.0,323562.79143212124
450000.0,476195.2597809861
340000.0,339332.20108722337
664500.0,504838.33966156124
165000.0,201574.1363121352
199000.0,322472.1534747346
611000.0,526102.6133802716
280500.0,367707.160948356
502000.0,339291.32033367816
370000.0,326403.8024767811
245000.0,441493.21822850767
215000.0,289194.4961114626
760000.0,709198.9633005584
305000.0,320832.4681707961
475000.0,412038.82811722835
515000.0,349892.6609094948
680000.0,602224.302580949
216000.0,146076.73260533114
315000.0,467974.18710616766
205000.0,226666.9358359077
390000.0,547677.740693506
625000.0,686930.4181844695
612500.0,614477.171083861
250000.0,234741.17493360478
285000.0,271975.566855847
559000.0,516876.4200431043
390000.0,549700.2837150985
366000.0,362582.6259250757
295000.0,292319.49642661033
357500.0,413597.37401395896
236775.0,457337.1554952747
411715.0,482609.5436502327
349950.0,521864.70755794726
359950.0,355015.97228612774
260000.0,435421.4343001282
482500.0,344497.54339860065
289000.0,307157.6492253688
236000.0,348527.4299980381
995000.0,629222.1128036111
380000.0,549902.7540514587
705640.0,579827.8304148637
310000.0,371496.60187120247
525000.0,541321.9422197369
280000.0,440948.129952082
300000.0,466482.3057701163
434975.0,343363.79891848116
315275.0,388359.14949825004
195000.0,316483.3775690041
419950.0,378190.84261547716
812000.0,720937.7146840389
260000.0,256842.3837652287
625000.0,618405.2939675951
522500.0,345427.98362653324
340000.0,471888.1242445308
325000.0,394388.1305331288
240000.0,313413.1050517477
384000.0,408225.32366790756
529900.0,636146.8914331048
572000.0,359059.6146722972
435000.0,344840.00097604806
215000.0,305543.5612505807
330000.0,347462.06268079515
340000.0,318724.3564493855
294000.0,336926.1030196883
740000.0,653910.3643597391
424950.0,533843.009093535
537250.0,571250.1288859482
175000.0,348435.37873040006
450000.0,513797.27700119984
492000.0,469666.66320820514
375000.0,402850.69007199275
386000.0,447968.08700654947
430000.0,416856.637511789
410000.0,557258.3705608603
325000.0,287657.9435487164
450000.0,404670.46303403727
248000.0,340838.4010485273
890000.0,762927.2812393903
840000.0,663815.9692959909
540000.0,473430.64446420607
561000.0,542798.5544751028
360000.0,520559.5437539966
394900.0,307545.03228615725
750000.0,510738.3481169238
607000.0,415813.09767666436
411500.0,267020.14442124625
479000.0,501733.0501656494
315000.0,371225.362103216
230000.0,289567.69129787944
600000.0,460361.9471289768
285000.0,285703.9428841836
235000.0,284483.3196100806
280000.0,348583.54296826187
300000.0,349828.1316101417
405000.0,405838.2992539721
437000.0,372616.27637842845
370000.0,410663.31496898853
850000.0,652517.2850058221
179000.0,259863.09936716774
538000.0,573179.6344844819
600000.0,570576.2925077202
305000.0,430049.08366301795
549000.0,520375.02379892475
319000.0,489139.78099874244
660000.0,704384.1077941566
398000.0,393576.75080201944
299950.0,398214.9010481886
230000.0,199278.3509400001
291600.0,352757.6785869979
264000.0,365908.42908771033
425000.0,421589.5376181216
260000.0,377775.96089293924
519000.0,492498.8528726081
330000.0,472293.71888093743
592500.0,598892.8979703236
539500.0,596903.611873141
630100.0,388972.55998113565
230000.0,316363.2599730709
349000.0,457797.2577257436
175000.0,352816.3176833375
585000.0,415677.8826913439
381000.0,367138.7421052455
447000.0,370819.6996784014
315000.0,320352.03136962955
525000.0,435814.4037062682
505000.0,389151.9620214043
158000.0,378400.9830555815
447500.0,562944.6990691643
310000.0,349488.7217769734
529000.0,497022.3989885991
198000.0,423642.20524787635
605000.0,550347.577663601
930000.0,801611.266875943
564500.0,518719.6304315729
365000.0,538395.4359328632
565000.0,576206.3011807305
415000.0,522246.2397162381
250000.0,285796.967920799
665000.0,645584.9508424144
415000.0,330011.1862368463
339900.0,321881.9863545111
478000.0,459895.3387513276
255000.0,363774.722162433
815000.0,465771.5814857922
273000.0,392989.46513119346
453500.0,468185.52844269795
310000.0,311716.1351584599
450000.0,456108.12315164425
319000.0,428575.7404950803
509000.0,581054.8141666097
332500.0,394777.61891003535
225000.0,441603.0677964253
249000.0,350710.15020403656
180000.0,125946.02055107057
619420.0,576319.8952398933
469000.0,486899.39784746966
439000.0,342946.2555495806
345000.0,237921.24794786127
380000.0,505025.02823978284
312000.0,500237.1601556571
367500.0,359069.3748121071
420000.0,474045.8633368239
263000.0,335459.6530020527
320000.0,488888.4976655545
624000.0,584648.5172051162
450000.0,643262.5107880501
183750.0,358888.75514502695
658100.0,619342.9374143833
410000.0,322106.96891253727
345000.0,346840.3253411951
286000.0,434275.0073098546
271920.0,303671.49513558927
518000.0,496858.2710898264
399500.0,378329.7046114773
410000.0,501001.08198346145
915000.0,847828.821497186
607000.0,478738.37077533593
287000.0,406261.614247705
280000.0,339781.48549534834
509900.0,561359.5975120815
985000.0,720072.5471048848
353500.0,239216.84834327517
840500.0,779989.9599123967
750000.0,606103.0169105661
445000.0,343842.98054291855
268000.0,351025.47350626934
285000.0,317003.1365934923
420000.0,419336.26619329216
395000.0,371454.32603975246
452000.0,538726.9783930985
165050.0,294896.2129209132
650000.0,585632.9888431325
595000.0,408737.1916778033
389999.0,329577.58951250615
480000.0,400074.44942031836
495000.0,458417.6580296305
330000.0,425238.2673559911
230000.0,287006.30203916924
891000.0,637794.5032134878
270000.0,458326.2384414486
306000.0,514314.4389639908
329000.0,446374.42115705495
521000.0,507329.6717495094
292500.0,416703.3363458771
360000.0,385328.81797547365
407000.0,454615.0712852169
343000.0,403932.7196275471
504975.0,454015.3572490689
253400.0,349865.2135444476
330000.0,404935.2882174731
387000.0,329535.2423014614
522000.0,364745.15471234755
517000.0,607351.5858822336
690700.0,635943.1045282682
895000.0,614420.595771283
237950.0,330069.0570226967
404763.0,439616.918279039
252500.0,450906.55814330693
370000.0,548766.2047907645
399950.0,230285.76738458476
337000.0,359945.5744004767
511500.0,469998.69876235025
392500.0,507442.0640900114
370000.0,350162.8332359622
450000.0,414882.4041517398
340000.0,468554.76439222274
385000.0,327999.42067891674
654000.0,549113.8133891291
572800.0,686361.5115793889
849950.0,618585.6611942915
408000.0,472121.20633072517
304000.0,466890.23446883995
625000.0,558123.7498330022
446450.0,385155.788154987
690000.0,672907.2075015426
398950.0,523048.444813694
547500.0,623949.8800501708
680000.0,569359.3755116778
255000.0,368391.72416493803
790000.0,559689.8408695721
365000.0,334918.4941560931
445000.0,327467.99801032414
660000.0,654154.7948267352
720168.0,583929.5926163953
390000.0,310445.82757070096
970000.0,291913.0997252689
585000.0,469943.94804780826
235000.0,279880.85445670906
339950.0,604458.3986130197
875000.0,627602.003332279
381000.0,456172.07876815216
445000.0,613555.9188433442
490000.0,487499.3686138921
405000.0,393523.77166191844
475000.0,467401.23363366164
577500.0,554006.139647349
500000.0,577799.7175495486
250000.0,377559.3270218753
293000.0,386529.4257038392
443750.0,339013.60405401204
281000.0,297886.67138280906
231500.0,374162.53346954385
403000.0,302622.1242064644
530000.0,358823.7765619648
380000.0,311419.0240939592
325000.0,475239.8995412437
333490.0,457769.01329395076
450000.0,444938.7716546863
530000.0,471431.468516595
219900.0,150785.4764054807
260000.0,279634.71028068766
560000.0,418135.2723101345
465250.0,410426.5810155433
200000.0,236333.46068222326
477000.0,433695.2015692763
297500.0,524807.3489752574
480000.0,624602.5503709024
595000.0,498209.6844254753
477000.0,493393.48043150094
200000.0,264122.55694001453
300000.0,356297.9886495841
234000.0,305084.9508817735
620000.0,553604.6426406766
445000.0,526914.9782885349
399950.0,234928.19677772588
182500.0,341782.6143945396
275000.0,378878.99896979524
290500.0,307396.16958580347
357000.0,331478.36408286646
510000.0,408133.1187669429
347000.0,327990.0226420515
260000.0,432360.61781634815
230000.0,294565.9592262201
300000.0,375432.9105378485
690000.0,632498.4773988875
620000.0,517789.3532120253
630000.0,451839.27881046827
223000.0,337427.37232259015
380000.0,439005.0490642323
425000.0,451514.5325637764
549000.0,522464.7073223844
663000.0,550772.156090698
889000.0,617178.1975218371
825000.0,621323.5489297978
345000.0,338961.38027461624
323400.0,462470.2797594125
240000.0,372049.44203257875
710000.0,484471.60587984
265000.0,386498.9603511884
505000.0,493078.75023267674
865000.0,539007.9643774858
386380.0,330027.854518475
581000.0,504819.7116352402
393000.0,468298.473400858
249950.0,359272.1741275126
370000.0,387410.6763695533
799950.0,582934.7810522496
280000.0,252870.23274428354
449000.0,416809.442283966
730000.0,533218.585940166
410000.0,329780.97343029897
352000.0,476504.56739392295
346000.0,446036.3472038654
565000.0,638862.8179868631
430000.0,360849.3621154392
216600.0,411079.1356320828
800000.0,477543.9168448972
609950.0,378684.134783899
570000.0,524472.1763752918
488000.0,392983.92384282686
480500.0,489297.46777183714
490000.0,562671.0167724184
539000.0,371976.4517731035
552500.0,387833.0386741293
495000.0,509444.256249749
500000.0,553972.3509409435
260000.0,393942.180692363
419500.0,420240.1484917645
708000.0,675211.3352175466
279000.0,370648.7162834018
600000.0,654567.6025692637
625000.0,500763.4823251562
779950.0,597774.2000543826
440000.0,485779.7360541761
260000.0,350830.78434017254
405000.0,341035.1111568492
645000.0,591506.6574475444
268000.0,355352.4207653497
463000.0,569877.1944329132
500000.0,418186.92636243877
507950.0,603807.8756898001
542000.0,562658.9359076092
1000000.0,645553.1279462329
454900.0,515049.1253714459
680000.0,653269.244179413
405000.0,335193.5879395894
315000.0,279503.10745991603
357000.0,375120.97823946003
575000.0,439206.36924221646
280000.0,495822.3453436394
340000.0,379228.9822305951
350000.0,385576.0858762183
635000.0,431238.1038258926
567000.0,482146.5030323651
298500.0,471619.64983096183
360400.0,421589.88737924036
355000.0,482628.7824131191
695000.0,477687.8194962604
418000.0,581544.8528029787
208633.0,490690.40911771473
345000.0,339677.4105850514
615500.0,433823.4598515376
215000.0,280426.319575362
400000.0,369557.0811598381
202950.0,256524.33170009166
605000.0,681103.512792636
479000.0,513227.2043867585
326995.0,365594.12122790085
432100.0,475952.3092017799
870515.0,740117.5070016693
505000.0,381029.4242535371
475500.0,472903.58971976704
310000.0,421412.27569030115
601000.0,476210.45239646186
410000.0,389613.4034781053
332000.0,478055.85170546256
235000.0,239412.65506510498
340000.0,379772.1101379887
685000.0,524687.0711459965
283000.0,503585.14229228726
237000.0,255694.7111065909
349950.0,467139.84253419354
285000.0,500057.6851667273
931088.0,769848.8035536268
820000.0,654427.4845777604
386000.0,466811.72587930725
415000.0,336504.7129586758
318000.0,516774.368809244
415000.0,431540.23109208397
240000.0,238360.58988584328
293000.0,354695.7905194806
333000.0,457773.1680426091
185000.0,337636.8746456697
190000.0,269153.7525681518
425000.0,284251.40427772293
490000.0,459405.5500057704
275000.0,336365.20527810755
300523.0,610467.4740982491
481000.0,588004.7062528207
455000.0,439285.43671441945
290000.0,332151.46543577535
389000.0,411718.25236204284
625000.0,504144.71312272304
420000.0,340267.22624096717
1014250.0,402861.9747602209
530000.0,492134.1057408195
275000.0,468635.0339933175
349000.0,218552.53232379202
280000.0,290697.87693316257
515000.0,576697.8635112114
315000.0,384072.1946280168
572000.0,578438.473283184
270000.0,403982.88848894247
310000.0,502962.76954981085
375000.0,446199.5022589115
471000.0,396505.2950054589
300000.0,345768.475748787
305000.0,425627.2177517129
430000.0,642977.3860308937
445000.0,451751.0922670582
689000.0,496438.64567015157
775000.0,577719.4808070635
329000.0,490833.9752380074
552500.0,801584.2293417788
260000.0,399907.9348541483
350000.0,392671.7081852672
276000.0,249133.32799928077
250000.0,390955.7022823433
282000.0,303449.49628489173
230000.0,309714.44126701454
374500.0,431125.4361569574
330000.0,394764.0581058152
339950.0,358792.91898740845
675000.0,632600.5438988168
462000.0,490981.11613263364
710000.0,663175.3672734397
365000.0,464374.2707633651
450000.0,480445.6602201841
720000.0,586738.1084446074
367000.0,489719.3322894814
307000.0,336973.97867197776
245000.0,220912.25585188018
510000.0,540510.9352741439
443500.0,523831.4134379092
359800.0,600900.1948045244
519500.0,175990.01486529456
369950.0,523975.96623508295
279000.0,429702.6685829648
322000.0,285081.26086658996
176000.0,289211.94286938687
576000.0,576716.7625042405
602000.0,453105.30934415205
255000.0,305996.0422272576
775000.0,589321.7020551234
310000.0,275450.11841096054
456000.0,465779.0905082722
476900.0,400243.5185185653
296500.0,551460.0947817997
230000.0,296334.5832609689
809000.0,471895.0643014404
350000.0,254135.67358341964
323000.0,496078.5448806765
550000.0,621849.2728383823
550000.0,432357.8694377175
474950.0,485277.6288899109
316000.0,400396.5017453702
570000.0,428192.73002526164
275000.0,441414.6438131537
320000.0,338275.5959178938
160000.0,295123.7270634951
459000.0,414262.82394326525
348000.0,566246.1377653136
290000.0,279789.41957171203
627500.0,566552.8341121431
455000.0,431929.311305661
374000.0,407020.9587953074
490000.0,362013.06682042516
392500.0,303071.6609043294
822000.0,537980.6259287244
406000.0,306246.043944075
250000.0,313188.1244953622
312900.0,321453.4702652766
555000.0,592908.4968365566
310000.0,271998.530594539
380000.0,645861.5886861656
265000.0,367261.635555499
475000.0,495709.30455738516
480000.0,477396.8814728825
889000.0,751021.9407487193
635000.0,523962.7090026316
465000.0,394650.4767643766
620000.0,580233.2694561542
445000.0,602033.6874930057
389000.0,479630.0478310649
577000.0,473462.7117082868
560000.0,549363.6837124043
385000.0,373876.12506779237
875000.0,466018.585933945
450000.0,441805.8106368887
240000.0,142087.400621372
554729.0,747951.5232441222
580000.0,433438.84608239075
395000.0,350318.14941040025
219950.0,353846.44470105343
289900.0,385619.86626222834
369000.0,590836.4750267077
495000.0,390351.82400236104
701000.0,642072.9282567344
279000.0,335617.8199069984
229950.0,258312.64724354525
313999.0,328738.6515903077
518000.0,534796.4260379137
353000.0,391272.8858310643
210000.0,385420.1056642975
572500.0,605785.7349691704
1005000.0,732424.4171787617
572500.0,478295.926708076
535000.0,575816.8481216185
340000.0,519169.57577636244
234950.0,257408.33253751384
307700.0,384919.4629638483
500000.0,556157.1023931185
862000.0,721460.5474566021
630000.0,437670.1154226836
632500.0,577006.6946534425
405000.0,449261.23010801425
637500.0,526804.7733708357
196000.0,264846.3222038594
485000.0,604737.4311095006
210500.0,275435.6995782196
253000.0,386233.30985994946
290000.0,311551.9394794291
279900.0,327435.44688182964
622000.0,474801.7913156921
542000.0,419542.48504771455
319000.0,289652.0030129059
280000.0,456460.46271111135
302300.0,592574.27204733
209950.0,323471.37480035727
260000.0,491012.5944670115
379900.0,493041.46590447717
318000.0,415725.00942753005
173000.0,262026.81899043146
727000.0,708587.1575283167
388500.0,409056.8602818161
335000.0,518172.83479584166
339950.0,445283.8350322305
380000.0,410730.7108204331
570000.0,658912.924738095
460000.0,443627.8918681014
270000.0,353568.7788778271
620000.0,513385.6747165285
563500.0,500664.1577302236
513000.0,470357.34797305154
425000.0,483335.66712354374
216000.0,329022.1060085511
290000.0,467171.7634438612
730000.0,739478.3242051791
380000.0,496903.59372441436
199500.0,335870.4085513584
425000.0,360239.12363255216
430000.0,436247.3147608931
690000.0,433032.5600743872
345000.0,373060.13544934406
368000.0,275728.2941705618
755000.0,669873.2954655207
268500.0,314579.7627494129
540000.0,429976.95772901364
342000.0,498950.5956006575
439950.0,506690.6828743109
325088.0,364376.8462675972
283000.0,388267.9120147212
300000.0,354739.8059440432
690500.0,440797.8506791317
585000.0,592548.1130862788
359900.0,522439.9168677402
330000.0,307901.53738770494
475000.0,441774.98336597474
218500.0,294253.5893135062
335000.0,297893.26915019273
438924.0,403247.8468955529
230000.0,307238.7832769132
605000.0,582570.1226568149
205000.0,363844.59615753364
870000.0,880148.8342804742
466000.0,324013.19325482263
345000.0,457602.76438490534
222000.0,297495.7450004534
304950.0,254670.51340721996
437500.0,389040.355278473
229950.0,282027.7198677946
591000.0,568149.832372776
387500.0,275526.16479212913
244000.0,344679.00821455417
449999.0,440840.9525480588
575000.0,499348.335726169
605000.0,600396.5312297569
450000.0,351909.85465177154
710000.0,684245.0633874323
580000.0,684196.2437388382
600000.0,608409.1201543113
335000.0,514043.3894309383
725000.0,415777.4661235573
592000.0,516864.7999325238
257500.0,314426.9994838525
350000.0,163266.66205068334
251200.0,325070.7088186585
855000.0,671816.5362938646
435000.0,490343.75349205185
255000.0,240900.60661551985
710000.0,657938.5760095747
230000.0,195121.5070074365
299000.0,491827.7022513776
397500.0,507469.6266517212
207950.0,402914.335666419
380000.0,390712.13186345727
197500.0,525502.6267597474
460000.0,638914.1755460538
722000.0,470313.97793683223
291000.0,364500.2634599436
440000.0,323894.5952537511
289000.0,382241.41806130565
380000.0,452837.51943453227
499950.0,406168.3758353557
739000.0,819920.4367982358
280000.0,372612.21181437036
575000.0,493052.9274507303
335000.0,315831.6465853279
260000.0,426459.16361459414
255000.0,277020.5657743012
675900.0,622977.8436322523
509000.0,394058.6768573565
347500.0,320469.38343038806
210000.0,239793.47554825697
608000.0,498985.3746082415
450000.0,399457.23849506705
590000.0,608337.7782574043
180000.0,307339.46641636244
539000.0,626629.3136427604
196440.0,166296.02533488986
655000.0,612029.7084194018
675000.0,655015.1533532771
465000.0,688006.0235788882
245560.0,365439.00680179626
670000.0,615072.152231284
375000.0,435381.3497527835
220650.0,290439.55579322705
405000.0,593339.6365621409
490000.0,346620.9768121563
610000.0,490073.1217896482
440000.0,387574.9754076636
580000.0,548907.7880836445
750000.0,574763.3236725957
555000.0,512508.90323276585
453000.0,512057.9474174342
334950.0,507643.80341423955
640000.0,532541.1280593362
415000.0,395387.6647068264
367400.0,322361.4178231034
390000.0,529938.0566202729
314963.0,278115.9449879904
210000.0,410005.46396557253
308000.0,411588.53418194514
350000.0,400167.5890852227
220000.0,325081.41483884864
207000.0,380529.061434885
327000.0,518135.3493134866
557000.0,572412.4687568714
259900.0,309020.1192327461
637000.0,468064.35918934306
310000.0,405548.22324185295
711800.0,537585.8025070312
570000.0,646431.8101168761
695000.0,704128.023007508
187000.0,215122.67705000527
285000.0,328402.83975437033
399000.0,438492.90353503125
487275.0,506613.5960153912
460000.0,516332.58321849315
353000.0,362082.6613117957
350000.0,434848.14927333634
605000.0,620643.4573688691
169950.0,256711.0408274618
339950.0,392691.4531610275
329990.0,485334.21565743245
210000.0,468591.9288065845
477000.0,358505.3434511279
575000.0,512580.7163344824
825000.0,858566.8013991723
505000.0,465669.3545066881
429000.0,482065.6013370673
305000.0,482664.9034067469
219000.0,298598.21496700024
360000.0,367662.3406070044
260000.0,415171.50534409337
350000.0,184502.39801057713
250000.0,224773.48425258347
252500.0,201040.519501667
510000.0,372927.689235592
465000.0,366032.7795994543
259000.0,503703.9438145602
205000.0,286649.9281617853
648000.0,508478.5391664334
461000.0,377003.16408592416
425000.0,572269.1363803842
280000.0,289750.5764697078
278000.0,554697.0048396464
849000.0,616747.9791959614
254000.0,277964.14834383066
442250.0,471576.63574742206
290000.0,385303.5177533238
453000.0,531772.4808097909
676000.0,476770.723571793
237500.0,303310.6245751225
257500.0,386978.747808604
323000.0,439002.2835261389
435000.0,289954.2044133013
429000.0,319047.81386779714
340000.0,612515.9433119354
540000.0,589168.2898730279
545000.0,376077.8160901463
299000.0,532977.9672088366
265000.0,392695.67424488545
415000.0,342549.2415463994
690000.0,518811.7833857973
225000.0,310391.66050263075
212500.0,262468.65550132346
627000.0,466639.59519215656
680000.0,657835.2993840108
384000.0,341620.76791796647
220000.0,363421.9111089195
796000.0,668357.4707654939
598992.0,682562.2953749218
575000.0,717092.2750189628
645000.0,543910.2717449196
370000.0,461720.79905020073
740000.0,662204.5162756963
428000.0,468295.8069091772
185000.0,231519.45597747856
689500.0,436526.12522675504
549995.0,567678.9724755043
188000.0,415131.38914499065
643000.0,574589.8490929209
436000.0,470882.4823835809
390000.0,368798.6739732513
242000.0,465698.31622787495
375000.0,460238.2044404141
467500.0,507929.8893554746
875000.0,842260.6209232885
560000.0,392056.3523786459
543000.0,467644.7443152065
210000.0,455154.9665902045
548000.0,537787.3443650765
325000.0,318826.2308870793
245000.0,390659.71230229223
466000.0,436825.02501068596
925000.0,627152.4714084745
740000.0,690834.8885869305
291000.0,373864.94350718625
465000.0,324613.8069775356
330000.0,349442.02939790086
440500.0,343621.48200329184
360000.0,561280.5669155755
391000.0,328555.19858908304
266200.0,341259.68849686015
278000.0,243512.40236680856
515000.0,439349.367016514
245000.0,264884.3415718024
695000.0,653233.4775938063
160000.0,387193.312623255
414950.0,459201.689718166
414000.0,663506.3872215737
750000.0,666614.9196232298
385000.0,357784.558773697
631500.0,693526.9506746818
660000.0,472137.0836538089
750000.0,672767.5971935656
279950.0,399110.54943037656
505000.0,570119.78771206
545000.0,456937.2945290572
356000.0,283372.4063058949
852000.0,526744.7217736408
439950.0,362948.95134078996
268643.0,399728.73417545157
242500.0,326293.18062107405
747450.0,468950.7267324741
170000.0,191086.52388927207
665000.0,541140.0064319547
257000.0,303213.99816933833
585000.0,669139.3727124314
419950.0,398400.8882348097
609000.0,647322.1351744123
599950.0,529946.390229949
696000.0,463595.89845003164
530000.0,662355.7208916452
410000.0,448377.05356102646
504600.0,363012.6643628114
160000.0,383763.0228084144
210000.0,243747.1240781212
324900.0,472516.6119689666
219950.0,146843.5193388685
489000.0,370622.33545759856
200000.0,294823.3364732385
499950.0,326819.00686549314
394000.0,327695.69554566336
463000.0,291848.2029641722
325000.0,473016.98283798085
175000.0,235191.21962342906
950000.0,932154.7710791965
490000.0,433555.0283251407
485000.0,558739.7051090453
360000.0,426540.0511050843
625000.0,619671.0399525422
349950.0,392648.683847474
490000.0,542373.8673606467
230000.0,312663.91340424656
458000.0,434174.0436689966
235000.0,377179.96696144063
525300.0,569526.7270268205
420000.0,293100.48996357655
315000.0,333783.52595359355
637000.0,446065.60912600346
460000.0,509774.1409677305
268000.0,279281.65974360774
311000.0,403832.2585706324
303000.0,424933.8635963922
517500.0,489235.1785786532
260000.0,379280.1599428189
362500.0,426052.17447139794
100000.0,253932.33445512882
335000.0,532842.1880372504
485000.0,505269.7047360066
642000.0,629714.4708204864
710000.0,537635.6370404487
325000.0,344828.12020743074
475000.0,447153.78095316514
216000.0,304990.1707186886
545000.0,511012.20879009645
210000.0,463333.4868232411
752500.0,562332.8140605494
480000.0,489990.41062014835
480000.0,417476.92852847814
510000.0,577180.3111381269
538900.0,575884.9311421559
235000.0,342686.05074852955
370000.0,339997.5026358549
267000.0,384834.11213774804
651000.0,583004.3286287674
237000.0,328376.2030558964
535000.0,470838.0859046625
339950.0,431487.4399850875
543000.0,456106.3132550223
299000.0,297058.16328966245
265000.0,228116.0505013545
215000.0,317108.74229102535
252500.0,338035.80564126745
355000.0,480361.4581365815
658500.0,425598.13104755705
315000.0,446056.94550096395
440000.0,511340.1041936767
320000.0,472914.5646856262
657000.0,468261.96936589363
450000.0,403895.66493698873
500000.0,438280.69995660265
244000.0,233268.64786721545
470000.0,509387.676215227
749000.0,795277.3678386752
498000.0,624231.2809190889
362000.0,321161.62200039194
475000.0,434061.2043884973
700000.0,529668.089954618
122000.0,211348.517179027
489900.0,490899.7307073135
320000.0,391152.5136067777
330000.0,289771.4393576578
250000.0,366128.55249290145
340000.0,385112.3496371327
557800.0,451669.71915330796
512500.0,418926.51122363156
482000.0,547775.4838765388
405000.0,535047.63832098
500000.0,469470.93191559636
689950.0,428388.92732584995
475226.0,525197.0528412553
567500.0,478239.1112760516
182700.0,371131.3236867223
200500.0,318936.45948355796
875000.0,386644.95287963527
585000.0,564316.5666692731
243500.0,278426.4998458352
330000.0,418817.21677165123
697000.0,462765.4285696861
611000.0,516828.05363414175
533000.0,517670.858580649
520000.0,384478.08671339677
349900.0,503590.00571875187
285000.0,349738.7539853188
210000.0,335771.29855430237
236000.0,299724.2432169963
690000.0,551895.9627591039
935000.0,492388.9860342159
252000.0,462577.30322073644
425000.0,401713.7398445005
225000.0,173085.16205041888
388000.0,408294.7216780025
475000.0,528221.2826211898
399000.0,521723.96336257324
413000.0,558327.7634253278
540000.0,399409.03465628723
618000.0,589718.9219320166
250275.0,258030.0599865761
300000.0,443053.4810401473
591975.0,677806.4082427383
260250.0,290384.36036406737
499000.0,396640.6184873883
495000.0,470441.31071637495
325000.0,225494.91314000823
687500.0,282231.973215044
429000.0,463631.35798659176
317500.0,265793.4857739618
674000.0,545098.0369804688
382000.0,335887.1975841927
195000.0,415493.0832045468
423000.0,367767.8673588716
603000.0,596850.5500837407
349500.0,428051.9316048391
540000.0,548639.8825753111
325000.0,324147.75995248114
527700.0,621974.7550324099
338800.0,411479.9124670532
204000.0,220777.882196787
409124.0,572277.5019813166
650000.0,676246.5348120668
540000.0,449580.913788586
197500.0,192471.9015955651
243500.0,342085.09882123966
442200.0,429383.5007289316
625000.0,538072.1325866829
750000.0,425469.85966089607
247000.0,460177.8074840563
556000.0,496460.4968481582
524225.0,594717.4747571842
454200.0,526825.9762247934
473975.0,512376.84148881794
221000.0,253785.19457164576
239950.0,288567.58099391015
257000.0,327020.32327709923
775000.0,810051.0649507472
400000.0,530635.876667099
459000.0,337955.54285976395
515000.0,538870.633022804
335000.0,365638.36378585
599950.0,437280.55729338527
490000.0,448703.60222250875
518000.0,385273.57241670403
475000.0,444771.2995725759
260000.0,355619.34305296093
427000.0,391742.96991392004
250000.0,330955.96593419474
450000.0,369100.26654143864
400000.0,279446.34313586587
808000.0,724590.1122208233
248500.0,239087.25878332803
485000.0,344077.6898342289
595000.0,592140.5534646612
405000.0,347646.0896669477
915000.0,682337.0708936645
450000.0,539445.6265014913
297000.0,371567.7433304142
380000.0,379316.4183096891
315000.0,378975.8108132327
329000.0,266055.6832192661
255000.0,363545.531090636
637500.0,457243.07545168046
342000.0,495191.0112778512
322000.0,353310.8720310028
320000.0,376543.98585403216
490000.0,574508.3371180298
387500.0,255565.28317952395
595000.0,531309.0191120662
700000.0,461831.6230438532
475000.0,323732.43223288085
299500.0,229604.71299894212
720000.0,604177.5012419699
230000.0,370094.4745582915
500000.0,409494.48023172223
300000.0,411140.0661458626
320000.0,251425.75929147616
475000.0,406531.4192839898
465000.0,376710.8744607032
335000.0,234808.63595288014
385000.0,418670.77946447243
169000.0,182291.85977525794
305500.0,382897.8483037504
280000.0,280467.53212486696
225000.0,183608.1066859453
348000.0,432512.40750425484
500000.0,433835.3382730001
516000.0,553612.792149938
290000.0,266335.2726804165
526000.0,458027.8998891943
653000.0,617462.9105027714
490000.0,362216.89199969237
359950.0,527183.2471929981
229950.0,289067.5326895251
550000.0,525339.8099946849
495000.0,371389.8942150788
488000.0,554601.552038008
525000.0,487039.73136627185
565000.0,489511.2026994225
427500.0,294916.0519398975
555000.0,501087.51021233224
335000.0,450940.04185628204
250000.0,280593.71631754277
727000.0,559209.277863667
475000.0,289874.4572138565
660000.0,513808.4841061111
432000.0,547708.4573971701
522000.0,344165.6042600327
454000.0,352174.5025795869
523000.0,420195.48332620645
320000.0,336298.4932394643
284000.0,448843.22789065365
500000.0,489801.3893081444
350000.0,315453.8631471082
865000.0,576597.4626062154
170000.0,175361.35299235655
324500.0,321641.6456144217
205000.0,189448.05663578835
385000.0,445119.3732296209
715000.0,701708.6294998035
228000.0,200926.8851180006
499950.0,457688.35679938423
417000.0,370537.343658406
970000.0,643751.5513511987
540000.0,456615.03924081
389950.0,422461.0717850591
278226.0,497669.15832403133
440000.0,476894.521253365
451000.0,329138.1580733558
383000.0,473265.0727129183
213500.0,342752.7644613279
330000.0,460577.7629666308
290000.0,300137.3308690309
392500.0,379541.2110156444
405000.0,347353.55708868586
735000.0,701476.7057736601
282000.0,398356.31046595046
374000.0,312653.5193330807
565000.0,498210.19274286175
551000.0,449459.32634243835
965800.0,557004.065813565
675000.0,608625.336707333
195000.0,362079.92493286217
245000.0,434498.3613727641
367950.0,499719.87315926136
840000.0,589256.6567239602
355000.0,266889.41198830714
459500.0,453753.0400046946
618000.0,423857.74699996685
287000.0,411734.25417156843
341000.0,498454.11410978495
294500.0,359938.2198140574
245500.0,268551.18530942523
455000.0,478739.1253155201
230500.0,184607.84421908265
398000.0,370110.936425547
480000.0,545419.1675490102
399000.0,321079.69183932693
239000.0,306314.18058344885
440000.0,325696.21184932796
515000.0,395047.5307203711
284000.0,285710.0340203996
340000.0,503950.5074057217
394950.0,465543.0002281903
216650.0,326674.5692907969
360500.0,684177.919476102
680000.0,462392.63656607736
540000.0,478844.3684556837
402000.0,380862.22684391553
317000.0,346018.11432437575
589950.0,539272.0387652955
607000.0,522363.0521717967
287500.0,460178.8929520998
570000.0,519674.91000084707
405000.0,483971.69143039605
286000.0,465714.7465350524
326000.0,401201.601199362
400000.0,461611.5540418143
185000.0,267816.861635561
405000.0,264551.9101987042
500000.0,513097.87759423646
226500.0,289731.6036079637
950000.0,469892.96603929857
430760.0,503645.93490005564
410000.0,385840.08619465114
445500.0,301747.18900198035
352000.0,454504.6144334164
426000.0,386810.97139817366
270000.0,424241.26001330605
245000.0,328751.15912493685
450000.0,409253.6241122047
235000.0,267250.4606625451
241000.0,159658.25123300997
502000.0,552361.2594056258
385000.0,333093.66858579573
425000.0,411439.15767023375
820000.0,672512.4549875137
430000.0,435098.7318740826
305000.0,504532.9055735299
528000.0,513014.9343231217
440000.0,538674.826308454
350000.0,507808.1711319394
396000.0,419557.203415694
487000.0,585163.2024478951
463000.0,498385.2517265165
386000.0,208715.95704648586
399000.0,347394.0903872219
220000.0,351541.8753326619
210000.0,190094.1454042806
329950.0,357884.45230346476
533000.0,515343.8030435053
775000.0,477282.28815726785
428000.0,326861.4163760444
312000.0,345998.66793863487
655500.0,560983.1765511346
233500.0,381609.38160256675
461000.0,572822.8835157627
336750.0,304460.3273873404
365000.0,495280.3908924535
685000.0,453824.3512855539
278500.0,376863.919067173
269000.0,374473.65654172143
330000.0,359969.06039498135
425000.0,435686.73836676404
527700.0,442822.5460839529
200000.0,289599.8616347478
329000.0,509703.7360435199
842000.0,529652.5928960118
555000.0,539398.2242216347
670000.0,534525.6559426173
468000.0,469168.1016504939
535000.0,433794.7453366807
425000.0,444188.163522392
441000.0,261072.5367256534
387500.0,414775.41204274504
249500.0,361559.2641895163
318000.0,289284.9387765688
420550.0,336246.32210343634
620000.0,750589.3043191255
689000.0,545130.1967029388
140000.0,256049.16205820208
342000.0,461603.0074253067
580000.0,362421.4846617757
200000.0,229734.30959940536
385100.0,245865.51335557396
400000.0,307282.5622637392
418900.0,325244.8256332053
252000.0,291830.67104631173
250000.0,354037.4012434413
360000.0,431115.3178993206
395000.0,356106.9048901993
205000.0,295937.25682025537
375000.0,415546.56112269725
450000.0,325507.2246319514
425000.0,461137.4040101173
336500.0,365105.34130367637
587000.0,672973.1987258323
497950.0,363285.6306988208
271950.0,379905.13664467796
680000.0,537685.4901526927
200450.0,165405.3680615237
575000.0,476242.3712642923
219950.0,322624.1102554734
215000.0,354664.7104181527
429000.0,363461.2265867358
400000.0,348136.7616106584
459995.0,488505.0278161288
225800.0,420872.2897231257
506000.0,520572.2632344229
380000.0,369566.0499534982
230000.0,294558.6816408871
305000.0,172622.16037653253
410000.0,275662.73126211547
475000.0,457486.8795988775
260000.0,534219.2346122116
554000.0,516204.6972240952
353900.0,492558.15737068537
265000.0,649876.3105105691
310000.0,307462.8722923886
672500.0,623054.687808113
334000.0,422267.9964641345
342000.0,235125.01373478107
143000.0,236048.96755205863
374950.0,348534.3769946308
197400.0,416909.11805018707
450000.0,326867.79327876534
560000.0,338904.2028989602
355000.0,357022.40173676715
750000.0,324472.5669475673
442500.0,424029.87967296445
499950.0,417038.0156973678
459000.0,412105.4596542377
260000.0,388311.72141649446
595000.0,448503.68006321235
215000.0,345441.4257692107
286000.0,300430.4792321819
414500.0,267693.1187671724
228500.0,251060.9440785833
532000.0,476267.456477397
265000.0,355945.2846143598
515000.0,434170.4495701203
535000.0,397082.45925284835
670000.0,556054.3594647958
235000.0,342578.2098231432
239000.0,367081.5863548577
225000.0,243661.256329916
257500.0,287693.2573516758
489000.0,456791.90848772775
442500.0,327123.1767081654
299950.0,431553.85359362286
412000.0,553319.337863267
856000.0,530469.384123509
425000.0,355740.91379010247
707000.0,584245.3741977249
339950.0,516222.7635322614
315000.0,463696.0998336737
696950.0,644379.2096888755
319990.0,354105.3734553266
442900.0,410551.5255960208
544800.0,672416.6021695136
360000.0,365654.2711557308
534000.0,437123.81564655085
152500.0,263168.3333708246
86500.0,130925.30479979233
153503.0,362049.57398574287
267500.0,292266.8835106823
630000.0,639997.2171453993
352000.0,408835.9397410263
301000.0,335358.88763807906
300000.0,282421.1941368778
615000.0,591203.3255691889
180000.0,209812.87284129084
242000.0,273623.380563362
368000.0,619669.253479977
561500.0,499394.5945810679
342000.0,512224.90921952715
310000.0,418657.54692213703
345000.0,270264.21369609504
205000.0,259717.08746314287
152000.0,283851.8343550663
275000.0,355982.65261918993
295000.0,301601.9685685417
452000.0,450952.7709809225
402000.0,506134.9651009421
490000.0,582341.564015428
307000.0,359815.9778326967
385000.0,459725.3150937158
395000.0,266547.62584993517
420000.0,279678.1340377421
550000.0,414562.3605449715
137900.0,341208.9613112061
475000.0,509448.2497968322
490000.0,499240.17427786376
445000.0,435923.1204252967
499000.0,425868.4898415552
620000.0,595425.7728808941
293000.0,237266.74470379355
825000.0,612607.9592864013
299000.0,421894.0568098743
367300.0,418595.16648864007
195700.0,357361.6660020716
379000.0,505881.5997713453
925000.0,402130.1395064279
620000.0,501497.0373586805
789500.0,659747.6183985149
529100.0,458029.3257925048
265000.0,320722.5454815299
499950.0,439595.88632332755
605000.0,544589.0378796199
375000.0,348727.4875122278
237500.0,296695.99407940207
392500.0,370848.9777812885
725000.0,568483.9915817854
269000.0,317625.7951814506
399950.0,427664.8325585794
335000.0,585756.0918414817
530000.0,440407.72355355986
580000.0,498625.56204990426
240000.0,457149.98243726924
185000.0,265259.67817370745
448000.0,515891.8729753436
750000.0,527595.9481158262
554000.0,619121.9391636126
440000.0,431039.6921997227
294950.0,331751.13202226965
500000.0,344842.94977879885
515000.0,640893.9536249725
419354.0,503589.7287865482
199950.0,175676.9781739819
220000.0,478565.6581501077
337000.0,354560.8216390218
577000.0,430968.5074430114
334000.0,195288.27286506834
740000.0,651065.2039823538
395000.0,344228.6851084301
329500.0,526177.4782778972
580000.0,553859.5480999197
375000.0,345894.6968065295
361500.0,388327.7115105747
827235.0,563435.1519885174
420000.0,378791.8582760486
375000.0,374290.0606023627
435000.0,392848.3679992191
355000.0,381995.8103665411
273000.0,480255.3471094001
432500.0,462437.0823666974
319950.0,349247.54080625204
447000.0,348899.15800983296
248000.0,332726.59296062024
265000.0,350760.3090490228
705000.0,680550.4014584887
902000.0,713414.6151426862
430000.0,367607.30160272156
834950.0,639918.5182596681
250000.0,255247.29467690247
539000.0,537722.4106560866
646800.0,532193.1285178798
666500.0,646727.5591543716
249950.0,310343.71737572463
396800.0,463842.9935564176
450000.0,588318.2025363798
460000.0,305003.5585367436
820000.0,628667.2056508841
235000.0,368835.28604138154
312500.0,421617.6874509389
451000.0,363452.4279534291
207200.0,122859.29085070698
560000.0,433525.9534621525
235000.0,306611.78389465756
425000.0,415032.07275365805
153000.0,277625.08726275177
552500.0,513277.1640037243
457000.0,420164.0128324821
808000.0,716526.5459310563
350000.0,471232.4179721437
905000.0,638078.4506365864
397000.0,457042.97696817224
423000.0,478748.0772459754
455000.0,401254.98648093815
405000.0,396655.7909839534
360000.0,436482.6965344757
420000.0,560295.923484299
410000.0,483206.94615631714
800000.0,620417.6617949564
620000.0,460578.135209771
415000.0,486077.2146582934
547500.0,468931.0281177608
480000.0,553368.076854538
290000.0,367505.0220496183
229900.0,284639.4178802381
551000.0,652516.8090653298
218000.0,309503.120187819
440000.0,366721.55961978476
369000.0,382784.88640116935
965000.0,698897.0333022209
569000.0,714451.036861209
425000.0,309947.532601657
489950.0,527732.8567178432
221000.0,323329.48703540245
540000.0,599093.2381595864
799000.0,589018.4222630862
329995.0,474451.8123421181
345000.0,463922.3752772448
575000.0,431030.8745502924
347000.0,473527.02672846767
419000.0,395561.74487852654
705000.0,681673.7179052363
900000.0,731526.2454156907
560000.0,480927.8749703373
390000.0,316957.70323965093
524000.0,433082.6931790947
215000.0,294070.3040488019
257000.0,322037.3725534072
420000.0,489459.2684785854
399500.0,364129.15754137223
549000.0,548748.5969987946
570000.0,461985.977196796
195000.0,274412.2858214119
712000.0,567213.7376395591
574950.0,582855.674724652
860000.0,591006.8738545807
525000.0,574735.9452084693
499000.0,361172.36156763206
780000.0,667454.964864732
290000.0,339187.54301257664
235000.0,347462.77040614694
265000.0,254726.23007583135
457000.0,517551.3875562748
310000.0,485952.00075091305
539900.0,441056.15593690163
362000.0,479171.05272178253
389000.0,358603.5153343168
825000.0,543952.1491891675
476000.0,329276.88644607965
430000.0,344781.6627206384
634950.0,726379.8279405303
338500.0,287978.1419108028
160797.0,274443.0716094248
835000.0,720560.9901818176
410000.0,380471.30306956876
875000.0,722848.6596300317
460000.0,477736.6165599044
380000.0,374773.5799973023
180000.0,417893.64574285364
150000.0,271373.33758022194
335000.0,518355.38930925494
170000.0,325404.69462952774
349900.0,255927.2844697929
352000.0,338026.1184779809
180000.0,264426.72300677607
528000.0,484293.9875090268
452500.0,495649.304465933
375000.0,417399.67383594514
587100.0,543572.4255609291
350000.0,396379.72484707483
540000.0,560082.3252029879
695000.0,369584.6242198823
475200.0,449339.6483324326
433500.0,441351.97460020205
320000.0,552702.0500484536
200000.0,265676.0334177784
782000.0,537963.7611893604
418000.0,418182.10749261396
550000.0,262451.07126625016
630000.0,441725.5479950185
315000.0,307617.7267185526
273000.0,294279.24179509806
501000.0,437477.05818418635
595000.0,455397.23668870016
420000.0,420880.2940990889
544500.0,473065.8962335107
325000.0,361206.2444950979
375000.0,429907.4314932536
194250.0,356750.55352477456
481000.0,506129.3180196035
394999.0,403893.05100256816
825000.0,675893.7093980402
361280.0,384293.7813084292
660000.0,609317.3141415856
360000.0,389001.98943080334
450500.0,388965.5126998273
445000.0,393816.6991262785
310000.0,416809.442283966
225000.0,396664.4951083422
250000.0,412410.1784310016
220000.0,275536.03246174555
551000.0,424837.6354171532
555000.0,341227.85612019576
375000.0,650315.8796850893
877500.0,822674.6261046381
258750.0,326420.0208105097
313000.0,370833.00880101864
375000.0,295565.4402973226
315000.0,333353.51622657274
760000.0,393695.8736364255
330000.0,312420.4520996396
380000.0,432865.38694297045
650000.0,508031.05125024193
266000.0,256675.45772006124
242050.0,352366.7103428072
680000.0,588596.173090021
625000.0,653069.5097471575
268000.0,402232.87154263287
499000.0,367771.0115096663
495000.0,390842.6987113586
345000.0,357098.14693729195
693000.0,581265.273746267
341000.0,401561.4316238223
325000.0,373677.22134809184
339000.0,317470.42763182544
541900.0,508461.0391447884
305000.0,396383.7287806892
560000.0,497953.6564690422
246000.0,436017.8970407212
420000.0,383708.84433441004
515500.0,529336.2985879205
421500.0,634244.8552898051
281000.0,336075.15648197196
840000.0,688089.2724794346
311000.0,346003.9758038906
389990.0,473131.96439671016
494000.0,495957.19429271214
646000.0,423384.74337023014
400000.0,412251.5465840015
475000.0,525068.5484374502
174950.0,257818.7226216834
472217.0,464170.6455658529
489000.0,417802.05648545444
315000.0,368362.37315068423
425000.0,624279.3951198925
352499.0,313002.23556380265
160134.0,268928.12992950797
745000.0,767909.5766628085
549500.0,506368.08428869594
480000.0,607690.7409066666
379000.0,419411.8805884017
309000.0,403429.44327073824
566000.0,460890.7998014502
641200.0,327635.8822631508
253000.0,330109.75154073007
756000.0,641502.020073311
299880.0,331653.9434107518
809000.0,650165.1505066013
277000.0,358318.02387345175
500000.0,501191.1055714552
413800.0,354966.6820003717
322500.0,497513.0988406255
925000.0,532134.11331995
243000.0,323461.54144923494
600000.0,542878.8567227547
425000.0,393227.5057011676
775000.0,512577.29029269796
314000.0,367005.34160364105
501000.0,410273.3005490737
635000.0,449303.17506249424
518500.0,502276.32153372886
500000.0,489377.1532425114
359000.0,502879.92358744005
320000.0,284144.3543072053
635000.0,493758.8368984398
725000.0,431533.44992081146
650000.0,476244.0265216752
545000.0,531617.5143434311
335000.0,575521.3102140966
358000.0,324316.06511730514
275000.0,322890.72094170825
370000.0,292564.22368334816
410000.0,381501.12589044106
675000.0,558867.7990781841
737000.0,424790.72304198367
315000.0,402952.9490779134
430000.0,367010.8508204081
419000.0,524336.1015446751
435000.0,463220.08403187897
650000.0,702932.0459569382
800000.0,669015.1024228969
270950.0,249916.55967876682
203000.0,357876.8165099776
731000.0,675802.3418451684
245000.0,294451.3088261553
950000.0,628725.673542097
520000.0,475686.5887432689
325000.0,312682.44951508107
290000.0,311006.76490229054
307550.0,473789.87254828354
189950.0,209025.71657452435
485000.0,501771.6088558825
425000.0,493475.4675741482
530000.0,422272.5326368447
1007500.0,666836.3416134436
279000.0,423174.35411234444
252000.0,309503.94498337264
309000.0,360887.23379960266
375000.0,553081.2080507807
385000.0,500986.31949405855
399963.0,477876.22050100047
575000.0,564566.3085077554
450000.0,408214.0970747049
560000.0,478479.29659491114
220000.0,263890.7812977373
395000.0,360323.00135823974
265000.0,311951.487266221
482000.0,324493.9324216307
150000.0,309797.9878511985
500000.0,395161.0793951483
314950.0,211874.14663228975
461000.0,412070.01693771133
359950.0,286719.0521659992
236500.0,444425.3847326234
402000.0,471319.12104907096
356000.0,380193.4749122793
759900.0,565998.1823549209
267000.0,235458.89893681963
322000.0,402423.83407272736
425000.0,424607.6342339476
705000.0,604144.3876489014
400000.0,283276.85176871886
605000.0,498437.48297903687
436000.0,298915.078313485
401000.0,379994.31836328
339100.0,486064.42290746176
360000.0,419613.1445965447
540000.0,628781.4468285044
400000.0,475459.6953165615
645000.0,497576.2786097568
635000.0,464009.11158533033
630000.0,513562.4675894817
325000.0,342301.8266521369
465000.0,335215.6084083576
625000.0,508631.6378368611
430000.0,395068.9517844514
480000.0,509326.96293886536
702000.0,461705.0923848373
245000.0,399729.5729006256
650000.0,548432.5563767639
445000.0,485525.12990909227
278000.0,245523.84572285527
277500.0,315945.88235762715
475580.0,415248.80685891194
250000.0,259408.71186305484
528000.0,394159.69806435873
344950.0,312717.5835182281
148000.0,272130.3706624454
188000.0,288337.0914225398
490000.0,760258.9238946502
718500.0,545390.1759900914
225000.0,324400.32601798436
340000.0,335050.28411974397
323000.0,490069.037404308
265000.0,265220.44652327785
140000.0,306611.78389465756
360000.0,622854.9900439738
432000.0,422260.88896620844
450000.0,370982.05233305536
190500.0,377633.8277625699
165000.0,230790.51392180973
726888.0,648629.9347500749
340000.0,475660.62499455205
459950.0,663149.1269148842
422500.0,396810.1250885264
460000.0,430358.27504191844
221347.0,313830.4559649187
249950.0,201019.94417844227
549000.0,560475.369620073
300000.0,297506.1044243176
640000.0,590730.810256759
613000.0,457992.7392035728
650000.0,636463.4697510953
317500.0,313594.5039733309
915000.0,644420.3931618263
245000.0,205246.22974571984
309000.0,322121.80883263145
677915.0,553151.5772712848
317000.0,239686.03963245227
484259.0,514739.295459948
352000.0,413669.8040215734
605000.0,478176.5461909899
365000.0,422426.0501060982
357500.0,447779.2515395564
269000.0,321972.7549174188
405000.0,257607.50951774136
652450.0,550365.9040482799
265000.0,349418.6647134901
242500.0,308227.6805302538
280000.0,220904.58666960435
708000.0,458213.253791814
380000.0,393632.65242462355
540000.0,501407.9295741995
385000.0,374252.9938600895
440000.0,346564.27866840875
715000.0,699788.75264732
189900.0,256058.98670687136
549950.0,463998.7683010671
349950.0,484218.1751451334
389700.0,327249.80405878555
490000.0,394788.93924424134
599950.0,592311.9555056945
695000.0,626133.1441740779
464000.0,546563.9933394558
245000.0,312427.93610759964
300000.0,501755.243065843
230000.0,285743.8371686791
500000.0,426846.0537436437
305000.0,383743.88488701766
240000.0,332668.0293493131
799900.0,712395.5709421429
560000.0,539537.1040766147
630000.0,556691.5442740622
495000.0,444527.14611852635
848000.0,791376.7397314616
385000.0,466025.270632413
384000.0,638562.8010256101
285000.0,444955.7328668886
357000.0,315977.67139370996
407500.0,455156.60240659176
395825.0,438067.84263287904
440000.0,429963.5231213004
280000.0,382223.1242117043
349900.0,470638.07474619173
597500.0,447111.7395867683
249000.0,389557.0482550422
550000.0,361044.42651253665
565000.0,424835.69941487885
391000.0,295405.99254613847
628000.0,348644.4454945155
163000.0,349289.3935680984
296000.0,375323.8800929374
407000.0,531243.1562651001
246000.0,335144.1768753012
299950.0,320582.771224296
349950.0,353013.9772465215
475000.0,385879.34264428087
440000.0,342472.7773443619
320000.0,376494.7747124992
299000.0,346888.4728812529
556000.0,430014.5460648434
385000.0,285587.38341069926
735000.0,567501.4107641921
415000.0,430392.50062535424
315000.0,371514.8837143419
479990.0,462147.4132328918
302000.0,384362.9339249571
310000.0,336819.14988433453
508000.0,470435.70041552733
311000.0,593488.2971437697
441000.0,365785.44817504636
860000.0,573193.9723834451
900000.0,424294.8386393456
812000.0,746913.103333911
225000.0,328191.96495371906
710000.0,664133.1390106335
485000.0,510554.58193735173
825000.0,706355.9039480585
239000.0,345439.58877879014
470000.0,590169.3641083406
212000.0,286067.6269319517
465000.0,479155.7351848008
355000.0,352368.9346484461
342000.0,383134.189303494
600000.0,380209.66771016154
233000.0,404734.8636742749
355000.0,242403.3656900164
492000.0,441434.4799839634
275000.0,315587.5372538648
475000.0,231613.32899830682
712500.0,527317.5949449089
200000.0,319127.44409855845
1015000.0,586011.4386113841
345000.0,458553.2525870442
635000.0,444141.0623664198
295000.0,568997.0179448569
459800.0,239352.23310697603
320000.0,337312.73152001284
450000.0,416096.8062928943
600000.0,440479.9899673066
175000.0,265183.6520449908
460000.0,358369.1863933497
460000.0,539674.9343236869
600000.0,630772.9186358572
400000.0,416089.77986156335
730000.0,686483.063109249
319950.0,378080.2534435813
500000.0,671142.6435568413
360000.0,372832.15090332803
269000.0,348669.6835586153
267500.0,297245.28883108863
551500.0,609065.7908094908
626500.0,544704.6294121721
260000.0,380783.59006380686
330000.0,303291.36278349056
520000.0,534675.8952022634
465000.0,374713.2850585432
670000.0,691303.5760977342
235000.0,414265.03876192705
369950.0,405920.8011132754
345000.0,455237.7142561526
219000.0,286437.92535983934
294000.0,434768.20086037694
330000.0,468192.4681974369
310000.0,283008.8329864329
250000.0,314237.29786566854
342000.0,277695.26237602386
220000.0,300171.3825514115
230000.0,303127.81314338354
230000.0,440395.0321131303
379500.0,325432.71147768653
775000.0,610197.436895076
475000.0,532800.1890867328
502775.0,450726.4205186395
300000.0,307905.1654536373
475000.0,661393.1447297492
331500.0,338317.3649695073
285000.0,387299.47644521424
323000.0,408935.13712437847
656000.0,594385.1749938433
801501.0,609985.2278277556
462600.0,466067.417083242
534950.0,521011.42282520275
221900.0,352480.7168241596
585000.0,633744.9325949905
520000.0,478532.5129506846
400000.0,437723.3535324237
261000.0,399311.3879278868
898888.0,605267.5491754523
206000.0,226342.8660344776
674000.0,567712.0335523795
765000.0,536927.7947105487
720000.0,642154.3646173632
719000.0,618714.6641856506
485000.0,416496.8762125207
262500.0,390079.1099523605
445000.0,477406.92931708996
485000.0,380919.02620251774
691100.0,467046.63915065094
726000.0,656738.4839740724
499950.0,474473.52224233287
334000.0,374546.0338964862
431000.0,389990.0839358643
296000.0,361599.0240004887
250000.0,363567.0534099499
321000.0,307466.88827689283
782500.0,625947.7073410831
680000.0,569957.8708745481
292500.0,412849.11386835517
500000.0,392294.93037252617
344900.0,428922.1266570927
290000.0,324623.6483284659
240000.0,345196.81320353923
509000.0,508070.4212425379
685000.0,618801.3066667161
525000.0,467885.8859542508
417838.0,491842.60941133456
194900.0,300456.7147391518
345000.0,355826.9022068948
235000.0,391858.5245962868
220000.0,418038.49482651055
400000.0,466130.18903760135
499950.0,586979.0704422151
310000.0,582383.2135353629
183000.0,273077.70476914616
265000.0,271338.1906566648
480000.0,577676.1331381204
610000.0,611536.9875728796
373500.0,437949.9438866101
230000.0,376824.0785974014
250000.0,316962.97378802614
840000.0,670341.515848631
317000.0,386515.0392885088
464950.0,283534.7805080824
585000.0,378994.0281948883
285000.0,476030.4369642268
435000.0,634712.6128384381
312000.0,381820.3217760312
726000.0,622554.7810016895
543000.0,444985.3360792288
345000.0,353694.4784148977
119900.0,285502.3001544762
750000.0,536652.2164409179
315000.0,419305.028012078
248000.0,257157.03206753026
750000.0,650413.3268450606
350000.0,513085.0933572197
440000.0,504621.98632068257
245000.0,385361.12200802716
400000.0,372293.9972640131
440000.0,623466.9672480643
560000.0,448656.78875677334
950968.0,563035.3696633193
375000.0,405344.3527029747
260000.0,596614.3527979515
190848.0,305414.3595585562
375000.0,349531.75257815246
265000.0,345188.4214625583
244000.0,463285.72628561297
316000.0,422013.20075909514
349990.0,474841.26614780334
440000.0,376602.23696848366
324000.0,472713.99072781915
325000.0,468822.509001593
338000.0,372604.6521445662
260000.0,378227.9745701831
430000.0,413926.6939515348
452000.0,339524.21054139605
485000.0,476400.00021780643
871000.0,574337.548972994
420000.0,570290.6877240433
790000.0,586004.9769179232
475000.0,312694.37092539395
320000.0,266816.2195112346
285000.0,365756.38827733113
600000.0,648613.831979425
399900.0,504313.9655369615
299000.0,397497.70193391584
672000.0,341549.64657251304
648000.0,665754.520209856
289500.0,260415.27105061934
205000.0,279353.90513037244
625000.0,587739.9618483222
375000.0,427268.7795227465
525000.0,377487.70013996615
359999.0,644809.9532954495
465000.0,511994.9694160995
419950.0,364022.5353280706
475000.0,503567.81631825847
499950.0,440375.82122956123
399000.0,369297.08059593214
674000.0,510548.21252244036
215000.0,415758.4570233658
419625.0,650046.8779957383
499950.0,329159.9016094194
625000.0,491290.5780550213
348000.0,545822.5831562326
335000.0,488378.9893107797
435000.0,334754.9288807835
475000.0,385175.75212511065
140000.0,292095.46838494507
510000.0,487445.42041522695
352500.0,352129.7595792766
300000.0,247208.9567827112
532000.0,458785.3982896828
455000.0,370200.34981331415
355000.0,371154.3121391445
553000.0,674709.7675600529
450000.0,497244.3334135498
675000.0,597682.0991041028
561000.0,537612.6192839276
800000.0,663246.8098124487
320000.0,347313.47118252964
450000.0,379419.20842317014
335000.0,352742.0255245302
497000.0,534725.387660808
274900.0,287107.21478443005
446000.0,420856.34540479956
169000.0,372836.0015928814
260000.0,352626.98542481015
690000.0,603991.748935205
270000.0,433763.677257132
525000.0,404343.7180257997
510250.0,424515.53057003283
290700.0,355026.4101256733
705000.0,489037.6226119256
253000.0,492863.35325244884
450000.0,548281.6702334442
354900.0,261558.9929157961
359999.0,387131.4160044074
920000.0,651471.2359757364
230000.0,311066.4554076494
203000.0,341054.3141900018
325000.0,358696.91013848415
317000.0,521883.9165824618
625000.0,352627.5404242564
325000.0,441708.4375797313
310000.0,342188.41654361936
235000.0,583374.5613283875
352000.0,483995.97881344345
588000.0,647840.9402754063
925000.0,664332.3982581774
760000.0,519543.73976858956
524500.0,577516.1354851137
549000.0,467163.74815835734
240000.0,326672.6136636956
282000.0,602089.1069609914
160000.0,308536.5719946853
719000.0,614569.4840436196
550000.0,431710.5992204515
744000.0,549775.1784234239
595000.0,376212.89947831613
517500.0,461420.6093624307
750000.0,524036.66676225886
530000.0,440119.6281090323
410000.0,344826.2237444401
380000.0,470745.93826044584
554663.0,451277.6090940415
345500.0,419002.4944014073
336900.0,439356.7494537011
264000.0,366875.2712112318
375000.0,482670.3556941331
300000.0,408375.871497529
625000.0,615542.1424012277
589999.0,507032.2832998989
687000.0,602899.7327409701
300000.0,353223.4859119482
780500.0,681839.2165262545
739000.0,549633.6294861375
350000.0,534169.7704138701
465000.0,439952.5492034826
488250.0,369984.6453855416
264900.0,390548.341708416
910000.0,586011.4386113841
250000.0,273691.81006618805
830200.0,725627.7866725303
405000.0,437715.38768514385
831000.0,610670.3134416182
716000.0,551363.9816653394
575000.0,533639.7080135134
460000.0,457153.4907987746
390000.0,303943.64057149715
492450.0,350269.70466389507
540000.0,465896.896269111
264500.0,311607.7169977296
279950.0,309201.22125344246
960000.0,694105.3889362662
355500.0,538933.7034649687
402500.0,491642.4213907049
270000.0,458905.16250533576
531000.0,659746.1474299199
220000.0,249836.2438363828
525000.0,312963.90289472486
704300.0,549240.3065471045
450000.0,565709.0942449052
372000.0,441853.9509589593
771000.0,586048.5191404424
475000.0,383341.800327516
322000.0,296734.4558524393
375000.0,340256.3164355882
385000.0,349793.5490007082
436952.0,597580.6590839609
330000.0,324074.42039373016
678000.0,541059.3403192086
240000.0,477180.3733644994
331500.0,317057.78891844704
505000.0,552563.1827842034
550000.0,518679.03116499464
315000.0,279245.642352792
569000.0,486938.62825164106
159100.0,230578.51854284026
340000.0,381452.68990027194
224000.0,383992.14749839023
344200.0,525930.6412463208
267000.0,343898.25278405077
373000.0,305677.51171114255
856000.0,522808.093680578
300000.0,370549.652477061
380000.0,430133.77456393617
725000.0,621839.5518156496
542525.0,498683.53238158126
759000.0,616145.4278611976
305000.0,275677.3048703069
195000.0,154544.98481816673
485000.0,430296.07811497553
230000.0,516844.2707999974
338000.0,311941.2810162837
469950.0,558038.5924026517
612500.0,620389.5604526849
385000.0,437826.2390850255
340500.0,383959.1456087831
310000.0,359376.17842078366
361000.0,306778.57059672213
275000.0,284152.51598905795
420000.0,533019.4075978152
675000.0,598400.8271004858
359000.0,381712.29162286734
475000.0,564723.3656569452
339000.0,317747.3645091242
249000.0,429321.42031824053
984000.0,684496.6959307735
772000.0,439807.6633565213
557500.0,639354.3264603693
250000.0,322181.2698171784
570000.0,578838.8086575601
300000.0,228736.07567254716
234000.0,275090.35454734025
685650.0,441243.014658105
734000.0,690371.9412539889
638000.0,605487.9511902662
166000.0,266561.3511970928
271000.0,400858.7560375204
273000.0,385311.7682009157
572000.0,529350.7182622245
715000.0,481936.684861579
320000.0,355472.05168319226
335000.0,412447.97175711684
142500.0,196434.17764101195
375000.0,457874.386987853
515000.0,458734.1933965389
223000.0,317255.12998112815
245000.0,315215.9534367206
294400.0,353120.6886589954
265000.0,333235.30029923696
249900.0,351798.7777577587
530000.0,447331.3427209542
580000.0,708387.0761685182
570000.0,331375.65742377425
699000.0,659196.6395158967
600000.0,505145.9305961828
289950.0,232073.43185393838
450000.0,385970.5627162929
292050.0,379812.2035390892
380000.0,371881.58131064626
725000.0,417083.032486573
529000.0,445168.2239842926
260000.0,343959.2012397229
610000.0,581627.6958450053
265000.0,366769.2727584705
436000.0,415437.4077972432
390000.0,499706.7256016314
516130.0,487490.7611759334
312000.0,479229.8291458656
199990.0,182419.84458494993
200000.0,303647.0588863428
620000.0,555407.5534491538
275000.0,524284.85361616337
480000.0,262036.25970872684
250000.0,398663.50241281674
334000.0,322769.24873005983
207500.0,287888.85340707016
272000.0,252306.87955563475
700000.0,669985.7422157595
349950.0,491458.0213027006
124740.0,148511.84949570976
450000.0,453385.59519024706
229000.0,389045.2797801534
675750.0,625353.5096223295
698000.0,590705.9605842688
160000.0,337559.990958765
292000.0,452748.1727091919
461100.0,404382.4240620753
599380.0,374647.9519411519
309950.0,378685.6491637951
375000.0,407426.0319824918
347000.0,453054.80631396326
220000.0,313170.2097339907
599000.0,411812.13822101237
460000.0,381029.0250095396
260000.0,215911.8479861051
490000.0,500407.3977150712
440000.0,546084.670099366
640000.0,699501.9567185402
512000.0,608985.2669949979
325000.0,405847.4207824045
287000.0,386918.440035913
650000.0,448368.9928273344
218250.0,313456.31548584596
820000.0,609001.8009531602
183500.0,176876.79446617642
298950.0,518787.859087181
469775.0,486733.00502464874
600000.0,513282.8536494216
378000.0,377333.7259122838
470000.0,349435.78619848605
938000.0,567435.6625087453
363500.0,470837.90544938634
300000.0,281616.04402298183
320000.0,288593.13660306245
224400.0,228412.86443010598
386000.0,567829.4172063596
798750.0,530100.5528251589
230000.0,220770.85556138796
179900.0,231340.61268896412
425000.0,360162.79112875386
675000.0,371946.1374042905
367500.0,583991.1129236794
785000.0,541992.2406559448
289950.0,375868.4368414465
645000.0,690981.7520433053
300000.0,290784.5669701713
374500.0,319312.94816099433
750000.0,586387.1484302426
342000.0,322339.1287845492
256000.0,345877.5648973923
749950.0,612845.7941675892
423000.0,513953.81883275474
472000.0,460274.2210130467
235000.0,257209.5986808187
375000.0,459707.70480247494
262500.0,365273.9572343599
218000.0,278017.736776915
239950.0,356989.5773053567
575000.0,451578.2097106979
822500.0,634382.8932678789
263000.0,315200.23057575553
270000.0,274255.7480208352
251000.0,277847.80340275704
357562.0,376502.753955207
442000.0,435516.5206918662
735000.0,658902.2142891434
418500.0,375380.59060241416
193000.0,319794.23839864647
194000.0,259015.12280863087
339888.0,310995.45974649006
545000.0,484680.8533521462
274800.0,377486.68668510707
590000.0,671922.364823636
263500.0,321122.7502959028
889950.0,635338.05496746
418500.0,275134.91721860715
270000.0,424695.6256717923
307000.0,204159.75271514605
299950.0,442788.5020829502
315000.0,274929.10280354915
198000.0,304301.23939953285
499000.0,420753.60999641474
340000.0,615234.4961336292
355000.0,321603.91651849425
535000.0,332849.18823025073
389000.0,335475.7065505752
700000.0,457269.41133270087
490000.0,504055.8065034145
912000.0,531192.831483333
487600.0,431288.184304462
592500.0,556715.7860837933
463000.0,452118.4542535781
550000.0,476763.78069169936
345000.0,286537.8361772521
344000.0,150653.61233309034
380000.0,411814.2902737694
476000.0,445861.9477508948
540500.0,526549.1359542119
362500.0,435392.3490004145
239975.0,408552.8875320641
230000.0,340652.3864863472
533250.0,323956.94715675816
600000.0,580598.9931566997
584000.0,427629.62470082624
410000.0,489990.674851191
585000.0,518823.78816983267
739000.0,650848.1845961396
247500.0,496199.09930138383
270000.0,463644.4082020027
530000.0,456993.13619404874
957000.0,592892.7462414511
814842.0,684717.5186560914
403504.0,376162.57767880184
149000.0,220789.2393870004
812500.0,690276.0435599176
335000.0,380454.8288679061
475000.0,363916.78440264735
340000.0,358263.01213438535
560000.0,557273.2519061803
499000.0,398121.32831926225
321500.0,440091.0980903424
403000.0,281310.6867779447
813000.0,509720.1257850869
230000.0,320690.2065128408
213000.0,332756.4523386202
760000.0,569274.2633929177
118125.0,221216.2549983209
489950.0,547656.2336445238
953007.0,640304.0900976632
378950.0,481149.0331002351
428000.0,399033.0248938654
255000.0,379745.17487803905
351000.0,312392.40546738973
600000.0,770839.9171968582
130000.0,344857.18512347207
271900.0,316577.8598185957
261950.0,358350.6207481378
426000.0,520165.87173583114
153000.0,271149.30969436816
746000.0,545338.0299921156
645000.0,621574.3971626479
460000.0,398187.56311104016
570000.0,500987.6754087701
267000.0,262124.69734701258
230000.0,395699.49430544215
924000.0,636244.7076218934
358000.0,466170.6123686814
259000.0,498192.71833766997
225000.0,345908.1997403345
310000.0,434191.964035123
579000.0,405026.02821386664
559500.0,505285.1602987272
324950.0,577563.8808895806
410000.0,387148.4820917811
542500.0,465448.4574387449
615000.0,528159.3932030259
678000.0,647028.2161882338
150000.0,387530.46264823654
585000.0,503592.2518569053
332000.0,380249.437628643
525000.0,402336.72044467565
300000.0,314113.0965654906
216000.0,215133.05113729584
946000.0,672599.9312288897
413000.0,433193.5224494159
716528.0,475463.7583122407
592500.0,436876.0302886509
450000.0,401994.1451139799
365650.0,553312.447021919
177000.0,297902.56931758707
199950.0,233569.96717211243
375000.0,327457.27509611874
457500.0,441587.6885562869
276900.0,336353.6091422216
309000.0,309976.21170793276
677500.0,543859.2772442997
190000.0,271136.4663277446
365000.0,493091.71203619125
729000.0,643233.063183108
190000.0,381384.25218893506
431000.0,347248.0360148294
978000.0,797008.6919175832
265000.0,325852.8751545201
465000.0,500731.12858788954
350000.0,368306.03135681106
215000.0,254457.9777355704
328000.0,352055.0551342409
239950.0,383962.0438535478
388000.0,434581.67017528263
360000.0,513749.64903988154
425000.0,414583.45599806716
619400.0,591858.9710019365
349000.0,348546.8504685079
324950.0,297696.6003650926
790000.0,496326.88757416734
290000.0,536404.6604831326
245000.0,454329.2527577777
319000.0,366220.60090816626
440000.0,438209.7901639914
399950.0,470620.71140379086
183750.0,346392.7463645961
750000.0,679250.9079163786
248000.0,389399.47705801134
772000.0,517139.9086696692
295000.0,375600.3623509205
275000.0,350667.25789339154
312500.0,472719.2643422432
355000.0,539757.8825027089
895000.0,549101.9213713631
760000.0,519587.20949002914
255000.0,276096.3404834019
349000.0,342499.91704650456
490000.0,350060.9181590696
405000.0,369821.0870111909
525000.0,355715.0792227417
326000.0,396109.36998311296
310000.0,378521.5320589574
250000.0,367859.86742716184
530000.0,560594.022345652
288790.0,322867.875181814
260000.0,351943.1020785705
340000.0,324300.9675682924
370000.0,433657.573424838
625000.0,560450.7899582196
245000.0,361119.1300680682
349000.0,355003.413830812
302000.0,311393.0412274331
435000.0,365152.48649431375
390000.0,426244.77445486805
90000.0,318932.71689283603
387000.0,502356.2093224479
400000.0,556850.5166474142
210000.0,238171.1034192057
550000.0,574858.1421182393
470101.0,513261.61843268736
583000.0,545425.9879623074
490000.0,424649.8483529635
310000.0,584169.6082813883
409950.0,369918.7530748574
353000.0,268191.3690999527
590000.0,502481.12625537976
275000.0,524985.8575246708
585000.0,468961.027690809
677000.0,615639.9606078131
469000.0,372622.6468324376
420000.0,364372.79173741833
549000.0,423634.1650690497
315000.0,373471.5510368976
350000.0,435111.96140589035
378000.0,487989.4792399369
435000.0,282381.02560218953
549995.0,549211.7667210167
537500.0,422705.07903601055
501000.0,574886.241515017
435000.0,297436.0038164464
227500.0,327366.04548838286
217000.0,331340.683313709
200000.0,447479.0611080489
359800.0,426636.2369928054
546000.0,492800.2934125067
490000.0,480409.9187812195
246500.0,265646.0195010372
760000.0,605447.0361488637
286000.0,286104.12743199663
470000.0,373686.6533364189
289950.0,312855.79743995145
655000.0,620946.926858327
265000.0,391293.40705531876
715000.0,658850.1660871733
172000.0,281135.4133437755
210000.0,404463.9144431463
599950.0,620194.1912355396
358000.0,316435.7530781862
750000.0,576033.7396696334
220000.0,282115.9362806517
294000.0,309759.52508350374
299500.0,332067.7936842767
631000.0,598988.5572566228
550000.0,228419.58278238907
567500.0,527575.5515387378
318000.0,473733.4345186526
625000.0,487202.6683593048
1003000.0,618197.0163772244
380950.0,394321.5380194804
203000.0,374498.0919225799
480000.0,355062.69468284195
507000.0,432990.7146387672
484000.0,490547.1498988788
650000.0,439327.7275362578
275000.0,368981.9157447687
189000.0,363263.1111939517
498688.0,488795.81041962816
602000.0,553366.6867645272
246950.0,346173.7543179566
415000.0,328482.5857208143
355000.0,284421.44393521344
386500.0,258788.80501709218
245000.0,356141.4296289916
716500.0,695264.628960512
548000.0,392028.6860932164
289000.0,480901.1553161157
393000.0,422383.1737843427
855000.0,730129.9638190612
210000.0,290577.09280683787
800000.0,544552.6989543403
375000.0,327871.3030379763
169000.0,250230.44536528108
249000.0,394915.59019480564
339950.0,342365.0625150642
756000.0,624797.4905836978
480000.0,467310.19207843643
305000.0,324726.52181046153
550000.0,437986.5302260467
375000.0,554999.8828183402
402000.0,313880.06145977584
425000.0,350146.5119114224
540000.0,425382.9475689514
655000.0,554099.7587742546
318989.0,488681.7678335213
