y_true,y_pred
233000.0,59576.70654312379
199000.0,52342.18958244192
310000.0,71159.49152591961
255000.0,69361.95959980685
250000.0,64477.01152203113
399950.0,82726.56286944175
446000.0,64480.49629242024
738500.0,74046.15989734262
565000.0,79539.71073100183
290000.0,78118.99397028142
275000.0,61355.252654786964
859000.0,91836.4740279974
515000.0,62601.477629949426
99000.0,45620.064910687666
340000.0,79917.73418908754
199988.0,48025.158608548576
390000.0,71815.54819145994
379000.0,63362.66216105067
731688.0,97259.89010371963
452500.0,82946.67329984618
455000.0,77679.68935676625
400000.0,44752.65246732984
535950.0,86700.7149380625
1000000.0,72900.76179380793
192000.0,57456.65116509423
428000.0,59104.45215405199
525000.0,75656.58033286169
397000.0,77848.4171224703
680000.0,100504.9625817737
399950.0,49389.48354264783
303000.0,65121.5094833974
401750.0,55074.06559989699
671500.0,89216.03148728251
465000.0,75131.86840839183
280000.0,73957.77615634532
222000.0,53900.87684672086
479950.0,77623.48561645312
445000.0,67990.15738844976
300000.0,85689.24112722711
309500.0,59387.35702247801
520000.0,79460.30090530016
274500.0,74701.46262778295
314000.0,90313.42329537438
419900.0,61666.29037711449
445700.0,70268.24301629726
225000.0,74814.94919889381
395000.0,80505.31660338126
500000.0,62596.67061294336
350000.0,43427.66775491153
300000.0,76021.60524381758
492000.0,81168.75634218725
630000.0,72794.30042939205
207000.0,65822.10251080825
525000.0,89310.79384656315
855000.0,96032.73330223234
596500.0,82976.29996611203
715000.0,73157.43667789285
224500.0,66028.1368124679
530000.0,75566.35570208411
555000.0,94198.10801477788
571500.0,60458.118717150915
495000.0,58402.837826455216
577500.0,85035.37213745558
467500.0,82954.58262332651
700000.0,93347.72896785749
204000.0,56717.65212771312
250000.0,77115.6510033062
827500.0,75283.20676203426
500007.0,56935.96365748138
399000.0,42665.645579593576
525000.0,72229.20184952284
588000.0,74887.18520108369
269950.0,90740.9012410334
415000.0,46555.75159210954
550000.0,77462.79691057782
255000.0,65557.16179945755
301500.0,59742.43796867065
799000.0,100324.94034595811
465000.0,62863.441804184564
385000.0,74447.58134863275
495000.0,50463.22782351109
262000.0,72023.83084507193
270000.0,67292.01588911118
304700.0,51177.38311644898
349000.0,82246.84961353816
515000.0,82175.89804708265
158800.0,53149.35413877014
430000.0,69703.86308830678
740000.0,94762.39142400425
520000.0,80971.31855028543
305000.0,80954.00867050859
306000.0,65163.5830086816
362000.0,66813.00049411938
550000.0,64804.68909216735
570000.0,53015.28825650345
640000.0,92804.30444515425
300000.0,72094.31885892659
190000.0,55640.95667326567
290000.0,66003.0025862072
260000.0,79694.62706596138
700000.0,100993.31695440937
549900.0,66204.49155681548
312000.0,76897.87558083971
534640.0,71804.89303873503
299900.0,75268.51569237483
436000.0,69934.13820945483
396000.0,69243.41168327797
622950.0,99731.88924170949
230000.0,63424.579829383525
260000.0,41468.200867120366
555000.0,89827.34065926232
243000.0,70940.15234690854
256900.0,69494.19196541258
353900.0,63230.59281345576
405000.0,77876.91446307962
250000.0,66668.3553305776
156000.0,59966.16490901514
365000.0,60283.57891997046
825000.0,94578.97219847358
105000.0,62616.841369597714
580000.0,84721.46630867053
635000.0,87450.27461061045
475000.0,78824.23713202454
420000.0,87940.12252951338
507250.0,80548.20887984858
320000.0,51810.69281233841
560000.0,69158.14968872712
226750.0,59432.99861698023
832600.0,65094.022819448546
440000.0,61430.76908169757
413107.0,67029.57536213894
555000.0,57363.4169518054
210000.0,48659.061270696155
227000.0,59926.931615336754
455000.0,53652.73668812432
430000.0,47294.10710094565
407500.0,85490.10812727435
429950.0,79557.6129547183
360000.0,70527.57911527288
335000.0,67577.53668043295
445000.0,64584.918721628754
470000.0,70510.79701857251
495000.0,65498.75565683383
465000.0,78138.60366806276
325000.0,89512.543466045
542500.0,73683.34325925559
435000.0,71878.59499521005
205425.0,49927.21343900804
320000.0,53828.1400389498
388000.0,89079.99205166921
631750.0,67918.97385002891
319900.0,59807.539074923916
260000.0,84216.3615165218
825000.0,92238.95207293559
657500.0,57715.347238316965
445000.0,66010.04292767841
290000.0,65375.40630955194
150000.0,55012.755873022536
412000.0,65675.66609366183
435000.0,76460.37551534837
250750.0,88024.45270408198
735000.0,67448.96726766958
350000.0,66290.66634742763
199000.0,70185.60826772821
245000.0,65597.40200267248
250000.0,85513.60106440703
390000.0,68236.5222223127
285000.0,61120.4378881008
429900.0,85341.26681627092
685000.0,87924.68551921056
370000.0,86046.29495218174
547000.0,71354.70429435186
272000.0,67186.1332984676
378000.0,74951.52308630166
460000.0,61350.76130387194
434000.0,68445.95381616493
175000.0,56447.51225141148
680000.0,91377.48625501974
635000.0,92962.29963376056
259500.0,69153.38115963248
428000.0,74359.51147151946
580000.0,81386.56204857683
205500.0,65344.32623816681
780000.0,84496.09592944628
265000.0,61394.532711751985
323000.0,85617.20142416557
465000.0,103132.16893415926
288000.0,71210.36196346348
255000.0,66133.82524607309
284000.0,58248.81461950705
630000.0,82826.6238556504
473000.0,52032.61439831147
700000.0,75774.50515221321
370000.0,58737.12626959861
545000.0,61028.69634117646
419000.0,96261.27352372429
275000.0,74505.58071033808
232000.0,67615.14987002804
810000.0,90191.53661389671
365000.0,74459.80092982421
442500.0,76235.08599867302
397000.0,54154.68414529133
270000.0,79346.50366247346
208000.0,58436.875550416225
254000.0,65534.398203646975
264950.0,46133.655906253094
800000.0,93604.5179547605
375000.0,68906.18080768084
315000.0,59083.426536133156
705000.0,67919.88888363328
411100.0,64667.701342016815
580000.0,77619.92953856978
580000.0,71937.13637388806
458000.0,51771.34491546995
475000.0,75923.26787509918
369000.0,69535.23833545219
359000.0,71591.35935577974
353000.0,52926.683701235874
498500.0,97610.3117277839
575000.0,63931.145778836595
387000.0,61093.11730028614
388000.0,50229.60735983509
200000.0,51879.19573561061
455000.0,47094.62426725955
491500.0,70317.99509029432
443000.0,78649.58032549167
436500.0,94480.28488918259
305000.0,70204.2945672143
695000.0,51311.519540567024
440000.0,67307.2904092668
420000.0,66099.63218592873
586000.0,90555.18708291606
512000.0,52501.54907949191
212000.0,57847.97967024475
215000.0,68951.18196005088
435000.0,93081.14450720837
574800.0,67698.98622572712
409500.0,82071.42319389485
590000.0,75831.49351229698
409000.0,76547.84138019351
530000.0,58860.644673892966
330000.0,59701.7560991151
395000.0,70946.04373715076
505000.0,89672.30659349947
250000.0,73251.2775252262
170500.0,52455.0130791513
525000.0,64742.031031794046
246000.0,74121.2558847505
435000.0,91646.30552196788
250000.0,59559.519792580526
349000.0,86407.80813401617
320000.0,65930.11947527336
295000.0,64566.28154365007
716000.0,87853.71764633812
275000.0,51310.05558854654
222400.0,65946.51790232782
382000.0,68998.17371684348
505000.0,89558.382924531
312000.0,54539.70326967768
300000.0,44566.48322355041
549950.0,84993.42257424357
345000.0,75430.89279032504
309000.0,73509.03062142397
459000.0,78653.86930968898
750000.0,87025.66548742811
579950.0,70882.85857016953
683500.0,65354.93280694465
652000.0,63224.876968522054
410000.0,81605.07620166997
305000.0,53283.058778207924
239900.0,68617.78971311025
804000.0,85146.45536602008
275000.0,87863.32185041282
660500.0,79472.38177894488
405000.0,60112.905443655945
399950.0,77421.39331016243
620000.0,75150.27213704928
575000.0,80881.88066833823
345000.0,82975.00465612617
530000.0,72625.00953882233
173000.0,74525.15204863854
615000.0,54886.06373124062
285000.0,78202.36061573097
702000.0,89052.77388469756
349500.0,75872.99895726095
200000.0,46811.74122548204
290000.0,52454.39989121751
866500.0,89900.54904113649
510000.0,58638.312948433835
311000.0,58118.19102632529
266490.0,71254.27100347227
450000.0,70092.95583042088
285000.0,74232.59539073707
545000.0,73947.24037438381
325000.0,84077.44234408418
673000.0,82344.0955623011
417000.0,54660.75800298744
595000.0,74920.57718322499
344000.0,67218.98227846925
496000.0,76769.91027281532
165000.0,67718.82037835196
650000.0,81047.57857188156
800000.0,77405.85234137211
408200.0,76025.53121302222
225000.0,53415.06160022072
570000.0,94981.5053806542
630000.0,92970.74610916189
249000.0,58863.26111127863
910000.0,71558.96672068888
575000.0,62674.25135967965
398500.0,68008.26826875893
265500.0,66964.26791008271
743000.0,81577.17797147518
495000.0,74279.17932156849
430100.0,62921.227319378435
197500.0,49345.60967657896
425000.0,71565.40887535279
274900.0,80579.17881566647
240000.0,66849.33949943629
459000.0,57000.98088127959
393000.0,71707.9978548337
358000.0,81194.58576437869
440000.0,82803.44699263664
485000.0,70464.36874638646
440000.0,67964.91619999183
860000.0,68750.15252001805
850000.0,99663.0404902235
400000.0,69989.07220730682
325000.0,80839.53779021626
675000.0,86142.89009919597
224000.0,84157.34533458014
805500.0,68397.20898205903
276000.0,87212.70490583564
412000.0,62344.77897461589
301000.0,81992.51615635208
620000.0,77644.62190685491
285000.0,65258.724192003545
250000.0,66561.45846183453
560000.0,92755.18463824925
174000.0,53293.31569611726
485000.0,78283.85232414855
560000.0,80551.29327728628
500000.0,80501.93478737428
464000.0,102688.24781180773
237000.0,60957.76316182395
345000.0,64194.652349851305
536000.0,85704.81666279177
340000.0,79217.82643125216
400000.0,69655.41757939116
270000.0,94442.52704555682
609500.0,70054.69984898568
585000.0,72935.80797239962
549000.0,69072.23755499357
319900.0,81890.01691291752
610000.0,59073.22212095439
480000.0,72771.46039671899
260600.0,47858.17165468975
935000.0,78539.1044395099
310950.0,82462.13279495457
507200.0,75794.91245840612
191000.0,57751.406180599195
580135.0,92207.07617831987
240000.0,70560.45102633457
265000.0,69404.21814085956
464950.0,60446.75134018973
828200.0,101106.17062715923
545000.0,88544.38773092194
350000.0,72766.10141938459
462500.0,63258.64380862976
625000.0,75563.92975906844
275000.0,47109.50039989233
325000.0,77227.01471664662
405000.0,67536.16949695366
582500.0,63793.30695498108
191000.0,55098.92236683706
527000.0,77705.84901373622
650000.0,64455.383064488306
400000.0,71785.53165934767
179950.0,62166.78255226886
655000.0,78928.14444994395
381000.0,62748.06477574271
222000.0,67977.01632817634
280000.0,72206.98094454152
800000.0,94981.9566281675
525000.0,85504.22149933536
148226.0,63450.91974918668
625000.0,70237.42983117446
450000.0,79471.82001726338
270000.0,78617.258364153
210000.0,56896.736552484435
325000.0,49931.93378624087
550000.0,59780.29027987701
360000.0,69039.99369352852
199000.0,69112.75647895048
436000.0,70896.77577629617
366000.0,76319.75510927924
172500.0,56906.33230541055
82000.0,55648.58409579571
440000.0,80836.60966031617
390000.0,70350.54507661964
210000.0,51712.84069030851
274950.0,64547.023824606236
450000.0,77164.62115925169
780000.0,76178.15746107172
639000.0,68980.77218993453
700000.0,77746.98061069014
481000.0,86994.05145610691
417000.0,62639.395845046514
600000.0,91432.15177299763
295000.0,46313.78043148064
164000.0,66906.52790938418
395000.0,63303.30399296782
495000.0,60068.50398788428
560000.0,59938.27202747456
380000.0,100865.1289387186
435000.0,67884.50239463888
380000.0,74604.08744340061
385000.0,70828.78592541587
595000.0,80141.57096602404
399000.0,54556.46858286376
765000.0,62263.6729618645
234000.0,65120.47921655061
656500.0,73189.05574508451
199400.0,47451.649662185155
525000.0,47010.25274176601
519950.0,99780.07003030977
185000.0,62345.49747920678
235000.0,74071.94029541822
405000.0,83752.47780392323
629950.0,71115.36020178156
248000.0,61598.286588011826
329000.0,64552.816477499255
225000.0,67929.57484176682
272000.0,69536.20527889935
585000.0,91827.00136302752
310000.0,84373.18151740739
485000.0,83283.12815938424
550000.0,48181.45288077393
550000.0,69151.2034379059
500000.0,71781.87411077169
530000.0,74785.54154143772
325000.0,72671.34353445124
460000.0,61068.431786294255
250000.0,45450.33180405106
399950.0,51103.447875786485
314000.0,85174.53184673746
251000.0,48550.953029700744
332900.0,66673.98867450595
298900.0,73247.33100102366
445000.0,66366.04534480449
650000.0,62723.63189383884
571000.0,75898.36654982631
513000.0,67599.86729337915
380500.0,62976.41881433454
661254.0,89088.35985079578
276000.0,43863.62356734152
305000.0,65179.58842034751
349900.0,81589.07163878964
260000.0,75337.58850041198
320000.0,72734.8492607287
660000.0,79529.49138892969
180000.0,42093.723724919815
555000.0,81577.29157108422
445800.0,61533.05188949258
225000.0,61120.4503373287
240000.0,64145.09292389141
612000.0,87366.82650774892
478000.0,61219.255275225296
445000.0,49887.997809147964
350000.0,52845.54459353577
544000.0,79886.44220584884
420000.0,79623.53124509283
875000.0,73072.4947595813
364000.0,64368.442932255675
600000.0,95647.0744071757
565000.0,74385.82371698861
513000.0,74747.16760815286
545000.0,71575.94774588596
625000.0,69677.78201413782
640000.0,69868.347887455
359900.0,88001.81388637917
535000.0,75789.87360977741
545000.0,71487.6468755172
900000.0,84095.52876310953
400000.0,68631.40761960244
780000.0,94487.85684842558
210000.0,67907.91171320862
666000.0,74606.93959863414
285000.0,69394.68496152647
669950.0,98028.64304978208
208400.0,65540.08387917124
279950.0,67752.13409188477
300000.0,89802.45662791326
465000.0,78507.30980566482
560200.0,76919.26476604484
735000.0,84504.82544740259
385000.0,76871.53855775623
554000.0,63193.05794548338
402000.0,46917.90108652222
249000.0,64656.31496714181
601150.0,62294.04470825836
650000.0,93522.20689219015
325000.0,69960.92401050415
161000.0,71581.33290775956
525000.0,78991.87563552856
410000.0,76719.56832293412
415000.0,72192.04733686641
765000.0,69723.13958875784
199500.0,61555.56844763335
417000.0,71174.34275090424
355000.0,82954.29766696526
669888.0,94987.7020409998
159000.0,60727.03109813457
328000.0,77081.6934086293
385000.0,75670.93949181907
460000.0,57995.528889325054
329950.0,63685.87443436927
765000.0,77422.65442586587
570000.0,53220.46971479561
426700.0,72841.2109090706
470000.0,80714.95344400177
372000.0,65999.65028669225
575000.0,63216.49869256561
240000.0,68942.01243516158
184000.0,65148.08358991055
562500.0,75204.172228321
350000.0,91080.81703616094
710000.0,80652.8329801719
350000.0,83621.668619243
468000.0,80153.98240064649
210000.0,66558.84078421825
605000.0,89443.43241227121
400000.0,80445.92844160629
345000.0,72468.3407230493
315000.0,74207.58711314327
762500.0,104742.11473064608
365000.0,69235.94518834652
385000.0,76350.7748552303
450000.0,75279.14523268642
572000.0,86711.02314888306
403500.0,75324.78035419935
380000.0,59961.575916816335
522500.0,60950.06508130359
362000.0,83511.60373745018
680000.0,63269.412994097926
391000.0,77874.61005350098
495000.0,87536.26558559165
215000.0,62686.100003536136
601450.0,75816.71430227527
850000.0,95649.9074410265
408000.0,78515.48210769182
450000.0,85305.34725355805
405000.0,69279.2485301037
128000.0,44678.35061980064
450000.0,68031.07285661556
233000.0,76518.0605439073
685000.0,110701.22497017504
255000.0,62506.444206356566
416000.0,53232.29172196197
430000.0,79944.21629243501
295000.0,82938.72809201526
222000.0,65719.8953089043
578550.0,84896.02495837855
297950.0,66352.7612659696
652427.0,99560.42933627378
200000.0,49207.228423815206
449500.0,66344.72452501935
360000.0,62899.629205750425
437000.0,77815.27411381563
385000.0,78307.71558436214
507000.0,57140.14067097794
460000.0,74497.80219488256
175000.0,54243.34072251381
206000.0,67015.78060988222
283200.0,82124.86725734381
272000.0,83246.42328780878
385000.0,87531.1515697666
269000.0,65231.297681301105
699800.0,70912.82068459809
314500.0,79086.99773362713
295500.0,63344.94868190214
577000.0,82639.33041793342
520000.0,71712.16818390349
463000.0,62262.356680720724
685000.0,78636.76655267912
321000.0,85176.41042617256
370000.0,71577.0915845155
340000.0,96654.2344570426
530000.0,56312.86756700542
433000.0,70443.71101522553
687500.0,73595.33836405186
312000.0,70356.54116581436
462000.0,72756.30985185532
280500.0,85038.47425670853
607500.0,73083.88416823209
445000.0,73968.92584093174
382500.0,66732.70917681008
620000.0,74797.4795350603
465000.0,67003.46283450947
530000.0,61909.92774858458
430000.0,71187.84106294392
280000.0,67480.68074535014
304000.0,60793.02976097915
508000.0,49719.97068198197
430000.0,44648.523740943405
270000.0,66512.37973250252
440000.0,96104.15843036046
529941.0,71417.11435594858
579950.0,101144.545821142
176000.0,52201.71970938399
310000.0,57033.23619667349
738000.0,89508.09316038122
625000.0,69285.29104473144
770000.0,79505.43803225656
330000.0,53651.63056622275
490000.0,69250.3781193306
245000.0,73522.74620080704
780000.0,99160.92965777632
689000.0,90698.92149696751
387000.0,61626.91614471512
315000.0,70943.286232089
265000.0,68005.62220460041
530000.0,61428.57170834458
650000.0,60741.32783217271
625000.0,79802.99447756591
353000.0,64772.39877630679
395950.0,98617.48278503826
500000.0,74937.0337192617
831000.0,76860.39137658688
500000.0,80475.05654859518
762500.0,97628.31590816297
236000.0,77115.65742629048
535000.0,71899.54635718641
415000.0,88612.90216832244
237000.0,47158.36261570887
850000.0,87674.79957954715
338000.0,84435.19305711199
435000.0,79341.13742349314
807100.0,91854.85233192382
371000.0,74023.37075913002
650000.0,89951.55372959435
470000.0,95212.31289066383
255000.0,75587.24942629563
355000.0,82086.64977121541
557000.0,73761.2276412899
403950.0,91084.2724806137
385000.0,69998.46166525155
499990.0,66582.86774632029
300000.0,62437.99703089526
659500.0,72268.69751922826
129888.0,48662.61636536221
752000.0,103930.26962841838
315000.0,67959.14465476171
800000.0,87930.6738932102
187000.0,69128.05018670365
244000.0,59362.929488668546
615000.0,73530.69551053464
375000.0,81410.3250466688
215000.0,75451.47136212952
400000.0,60924.13473944118
477500.0,71047.3544198198
525000.0,89607.12627777725
560000.0,72179.59676731844
175000.0,62058.41289914884
465000.0,83975.05871499523
520000.0,71791.2154529641
563950.0,92057.57411164869
419950.0,84806.0001232361
329000.0,86124.31661268664
365000.0,47528.67945999802
397000.0,90387.88892503578
197000.0,66335.45241731356
435000.0,61559.75947491819
493000.0,68790.62022880264
690000.0,75006.88568562549
177000.0,54848.22942031165
290000.0,85759.56042920637
397500.0,62697.9362556533
656000.0,70832.82878192604
222200.0,57595.60926660935
592350.0,63627.18994169416
752000.0,65619.62771502399
349950.0,71881.0510558404
525000.0,87182.78527819848
200000.0,63740.85567676151
299000.0,72346.61328091833
350000.0,75555.85331418991
367000.0,48993.871228054246
295000.0,49301.865045480095
425000.0,67759.78762262451
560000.0,68055.74885229903
432000.0,76615.33572453904
390000.0,84505.21108778764
639983.0,97282.20479970754
269950.0,74618.9550069921
284000.0,67026.5190160973
450000.0,71538.60319364842
566000.0,82571.79670030111
219000.0,62416.324695269876
524000.0,50494.04220261952
426000.0,65782.69876479401
479500.0,47698.699559523666
538000.0,89252.1021102734
412000.0,51977.08238159294
327000.0,77526.18708992796
277000.0,57525.53560886286
403000.0,70611.70705533613
645000.0,78468.1668939454
390000.0,53841.91523526304
335000.0,75975.42821465015
402000.0,65235.07749747879
200000.0,57662.20955677546
417000.0,75094.22025425118
525000.0,64177.762102845765
399895.0,90950.80363675943
510000.0,77502.468693425
359000.0,74186.04090448697
403950.0,51106.23547606848
404000.0,65136.77613529605
525000.0,50588.40597220491
545000.0,71952.14780974406
320000.0,69420.08151648726
635000.0,89400.17201723903
284950.0,72088.93251722484
342500.0,75943.04262511793
445000.0,79123.55658267302
530000.0,73574.40882465329
415000.0,73511.78280740372
525000.0,91570.46358320063
425000.0,63205.63125734037
395000.0,77932.3086119518
524950.0,64356.68993051714
415000.0,57093.23593506872
775000.0,95741.72612095962
270000.0,63047.32298814588
630000.0,100848.46332464654
347500.0,87053.20991032914
615000.0,71839.02263349597
359900.0,77239.81065711612
425000.0,81402.04205131298
435000.0,62682.6606690126
325000.0,62378.2890966757
293000.0,72649.4801316344
529950.0,84821.39703254358
350000.0,65297.12266150458
425000.0,56016.86641521143
329900.0,77955.52369967932
880000.0,92528.2127369756
425000.0,78328.26477984965
390000.0,49447.037290326596
309212.0,64282.08054918761
530000.0,83614.64441333956
379900.0,71589.91744859816
350000.0,60082.50169672393
432500.0,60943.678600681196
443600.0,71818.35321497891
585000.0,85155.12375396966
285000.0,55812.968864286624
915000.0,62914.71108348028
520000.0,75958.6069628391
650000.0,98530.38300805612
164950.0,69391.22324299908
245000.0,72912.51683261801
405000.0,67136.74498235228
593777.0,69108.45200589331
482000.0,91834.78567047343
307000.0,79089.07842003937
243000.0,60220.7742281051
342000.0,57200.63190326102
280005.0,58578.27110501852
310000.0,70330.68020782253
255000.0,67438.08802476327
174000.0,50249.988283971186
575000.0,74219.3616445773
416000.0,64092.259075523914
350000.0,70986.41374391178
372000.0,95553.97003594578
840000.0,97673.02440525647
193000.0,45588.78643839575
475000.0,75766.23176043147
172040.0,68875.15890748208
280000.0,73297.00291113957
435000.0,63843.831784826885
264500.0,74054.67371303191
352000.0,92772.39913317366
612995.0,101768.87822686906
620000.0,70362.57403312734
205000.0,67408.34757585518
400000.0,62121.89848800973
179950.0,50863.89775550542
360000.0,82325.71004443265
415000.0,85201.19341628232
799000.0,80277.97305905423
667500.0,64969.967478957835
114000.0,44525.343179664196
365000.0,82512.37110792706
305000.0,64689.64023272027
406000.0,41125.430239986985
270000.0,61457.406157794176
530000.0,74583.8774259148
465000.0,82497.66613685343
607500.0,76710.60635621136
845000.0,85168.02814920736
735000.0,78363.95236209947
327000.0,59902.395915591434
529500.0,73009.61303864796
350000.0,69333.10957528383
300000.0,73832.2935365054
420000.0,56566.522420763155
354950.0,87418.89313143115
500000.0,52046.96964620827
329000.0,77862.05414755862
333000.0,81019.58687643781
315000.0,68666.12886461559
453000.0,69316.83317263985
500000.0,102206.64024393063
419000.0,58251.462907695764
685000.0,78436.21822805489
389517.0,86667.97847598032
471500.0,78984.7798448248
555000.0,54427.61507689109
685000.0,80296.95445260598
474905.0,66833.78268015405
485000.0,82972.2937683599
415500.0,75010.91513066305
547000.0,65381.1142536349
815000.0,63300.79546718506
790000.0,100700.30757299761
260000.0,58201.194804522805
312000.0,61303.11711798983
312500.0,74972.6067860096
300000.0,74244.31911686377
777000.0,101425.19276800171
799500.0,89753.07985042808
558000.0,101553.28513132234
505000.0,61288.3824173678
400000.0,81653.62553414099
615000.0,75634.69272872979
987000.0,80276.07235896314
420200.0,62152.850570093375
250000.0,68741.44004702117
280500.0,83624.28100300109
410000.0,67198.22603158429
535000.0,52029.1819107205
840000.0,86177.56170518327
739000.0,73656.55394192824
695000.0,98629.58766332116
685000.0,69054.41603511819
420000.0,60196.30166143169
485000.0,78423.7616450561
333000.0,67743.89109559532
560000.0,75030.39335009299
305240.0,61060.89791694962
539000.0,68066.97370361448
385000.0,70526.61589068522
210000.0,59193.32610933334
409950.0,79386.52787736733
415000.0,79537.42452936352
450000.0,81946.6116325359
313500.0,69506.02269206685
473000.0,80255.04747833946
515000.0,85568.11252598098
212000.0,48257.54711719924
865000.0,58456.361905323254
330000.0,63767.56734617599
505000.0,75601.2919879777
480000.0,91577.09415122512
425000.0,48977.05089181738
435000.0,63645.78415880944
525000.0,54186.82066658343
475000.0,65339.89005059826
625000.0,69868.71911847004
250000.0,55966.65745738186
670000.0,87039.9187794287
348500.0,62891.180960175516
826000.0,50808.32502799797
380000.0,85483.09793681315
510000.0,54578.315752695235
613200.0,72231.14475271208
240000.0,57255.86496018637
302059.0,70215.18769816328
189000.0,55332.20887029871
562000.0,77541.90021610152
206135.0,65084.2006592251
575000.0,70133.84046467242
269950.0,76832.59767607298
286000.0,81760.94247720063
400000.0,63859.98229948191
442500.0,66350.18977841717
317000.0,91752.0849762249
850000.0,97082.04691489988
629800.0,76171.7035076028
518000.0,83621.24863455353
333000.0,57486.717427601776
249950.0,62871.1017757119
415000.0,82520.02356113945
690000.0,75931.634249386
675000.0,74919.91014694289
629950.0,71080.23643822837
315000.0,83138.43179265212
229900.0,75234.47638396836
431000.0,64395.013820174856
292500.0,71911.15244131352
240000.0,58740.89757519851
455000.0,48830.39671486797
441000.0,69040.93036873355
324900.0,79307.68211630645
455000.0,71162.7297664838
219000.0,53017.34124886985
615000.0,86372.99139654514
625000.0,80278.79473667164
417000.0,51448.60962824366
425000.0,71199.28201098384
535000.0,94399.77217033257
397450.0,95641.30465844338
275000.0,43965.91322059077
332000.0,49324.585437612346
562500.0,94026.15262879725
598200.0,99711.62970797913
716500.0,70855.1580852301
545000.0,84704.28306072854
466000.0,70861.99529217146
190000.0,52075.61711816644
555000.0,67154.7282611749
620000.0,65927.84881143071
400000.0,83402.51515638537
435500.0,66119.7793749405
300000.0,78394.6121206543
525000.0,75021.75531871329
675000.0,61472.05923713881
350000.0,49385.35524412806
335000.0,84488.37958997407
360000.0,79245.90953523804
580000.0,75186.53106401971
346000.0,58527.68564918281
607000.0,74151.54622210283
450000.0,58959.798516047624
346950.0,69325.45130916833
415000.0,70524.71262816207
690000.0,67238.23845054847
310000.0,66855.60822209303
272000.0,76537.13650159977
439000.0,65455.25865352148
552500.0,68128.55909806516
379950.0,85421.39924117929
760000.0,99607.30993316651
262000.0,74864.9237068153
675000.0,90449.43106124573
412133.0,48696.08423410851
260000.0,59227.842204966255
430000.0,74529.19210262247
265000.0,47384.007928084
275000.0,67036.09914056244
341000.0,69677.24131189124
552700.0,45609.76759761868
359950.0,54460.52043528517
476500.0,59437.11933256076
672500.0,72375.75397168638
269900.0,75027.95071135697
989900.0,101534.02422992414
300000.0,77715.98546674196
305000.0,69007.19374314665
334900.0,63016.55709869846
355000.0,64183.94088980256
515000.0,76575.61883953837
556000.0,63327.58476961919
178000.0,60144.074514255175
350000.0,73782.69807994335
529950.0,62323.02621794869
272000.0,69329.43137875157
475000.0,58982.92131606775
920000.0,91489.17747565923
640000.0,71693.36160279674
368250.0,80107.93533909955
510000.0,76994.31667217644
315000.0,81460.10440868279
250000.0,53493.24014024323
515000.0,78695.24500055755
560000.0,73498.73073633778
220000.0,69593.51512196742
305000.0,64643.65394899838
376000.0,88000.23915465226
266000.0,69669.93527810219
585000.0,78556.58702247302
239950.0,51049.37869743575
585000.0,68279.07257058557
710000.0,91066.99547921101
402300.0,57274.70791490483
589500.0,84626.18321894649
379950.0,89845.01227625235
328423.0,73708.01995574338
475000.0,71587.34193306934
280000.0,81268.00457989261
380000.0,69528.92310632198
1012000.0,102982.57059505436
398000.0,60449.041341465265
649000.0,52475.0116119933
720000.0,88572.91226480051
315000.0,82694.14106983613
660000.0,103763.0131812826
338000.0,73480.7198776537
525000.0,74909.22765368636
299000.0,90721.6764348515
505000.0,52922.55304062036
320000.0,65022.514747564266
340000.0,44800.43849742944
470000.0,55861.57594177521
301950.0,68542.48591569606
837219.0,103156.7995188381
425000.0,80464.72385958195
150550.0,64743.16535018491
238000.0,61067.410720363645
776000.0,94350.4177000911
425000.0,76410.04975321348
354000.0,62788.903596073156
377500.0,61180.45931031458
261000.0,69299.97333696867
563250.0,65382.1971437507
330000.0,63542.21079720552
381000.0,100104.20315509499
224000.0,67679.10169651131
516500.0,70797.86202181097
329950.0,75711.35991643115
606500.0,79585.74138446756
505000.0,89635.5342954169
600000.0,90214.4656065172
565000.0,88821.45522742305
615000.0,81034.79379656244
330000.0,73069.34502478014
356700.0,50617.155500511544
538500.0,85171.65495313781
300000.0,90391.50941317102
715000.0,88678.2152131531
325000.0,80856.76569390365
620000.0,69720.86218972891
185000.0,59893.2192711992
450000.0,78856.02951429314
240000.0,57771.05951631637
710500.0,70846.67346825029
270000.0,61031.82874937366
831548.0,101485.37646014147
615000.0,69009.93315868352
330000.0,94531.46988778406
525000.0,87805.08662637268
248000.0,81392.14521562668
475000.0,71347.13952927418
176000.0,50551.176091512214
454000.0,76644.15718846481
290000.0,74979.52121650128
533000.0,77280.19322710758
899000.0,89705.45499110353
250000.0,56865.546223524674
519990.0,83227.62024791486
348450.0,86494.25971753737
366750.0,75965.77613782833
350000.0,65362.57217887991
449950.0,93675.37308052037
379500.0,87314.35129027719
655000.0,86414.52503695487
290000.0,79874.38282518784
665000.0,94568.11645134249
510000.0,101475.74321244686
890000.0,95890.10085370185
489000.0,98875.50927994761
349900.0,100708.0228575264
700000.0,68251.98728136015
427000.0,58502.575755077305
366000.0,70650.01295998791
736000.0,104307.21838425579
250000.0,75034.53348322204
418000.0,69961.11656083753
295000.0,69038.03373452464
215000.0,57194.49810917162
358000.0,56629.992896938624
405000.0,52425.78464031715
333760.0,57476.76104088333
680000.0,62580.25544009463
677500.0,80385.78573586461
649950.0,83220.19579019878
565000.0,71070.18325251016
219000.0,60746.323132397556
455000.0,79259.06258379514
338500.0,67594.256479998
210000.0,70017.19308515674
270000.0,63479.28441067188
539000.0,74029.8552388146
358000.0,83372.97026299115
530000.0,68443.50578708667
460000.0,65142.92063185622
615000.0,54381.23512173217
275000.0,58779.45278098389
225000.0,66636.60299487686
305000.0,59640.05489729086
289000.0,58474.2800521506
220000.0,56820.76842346536
325000.0,47570.82658913014
277000.0,72873.45384808796
779000.0,99203.63878073197
404500.0,53538.987438604105
399000.0,92280.48072882941
220000.0,52861.37320507056
662500.0,82906.58985697126
455000.0,47701.26316149636
435000.0,83660.50811765241
316000.0,47236.79645912143
439500.0,66743.15499766964
337000.0,67492.79628883401
219000.0,43768.60788775526
350000.0,78090.45339111346
467000.0,80069.22099195173
245000.0,63951.21203050911
265000.0,76128.87466241154
390000.0,52394.96691612298
354000.0,88983.33573202768
363000.0,94385.4488819724
338000.0,49574.98969554607
268000.0,68243.33628183085
775000.0,66431.7175673841
263000.0,79866.23718955624
263000.0,66727.98445791546
231200.0,65625.62911567913
825000.0,83491.35349305239
310000.0,57998.054463828346
619000.0,67814.82178715276
745000.0,89755.93333765754
360000.0,71366.85518898327
235000.0,69070.48649964452
330000.0,77204.4912105845
410000.0,78644.03760015861
382000.0,65903.08382098842
781000.0,93825.23856319836
350900.0,96790.49772546122
429900.0,96376.57289790656
427000.0,69531.08911431997
322500.0,78842.93807169629
405100.0,43965.39876980224
675000.0,84925.28416088688
480000.0,67172.75522681898
325000.0,83748.9822869879
251700.0,68116.52249091302
625000.0,56608.936542166455
702000.0,93163.71046773807
329950.0,80455.78975406878
419000.0,46502.28949658568
380000.0,48243.922424249206
375000.0,68616.43044337674
339000.0,82716.23812985161
715000.0,80552.64303848102
375000.0,70776.24303796433
287000.0,69960.31374259731
650000.0,68099.46329250647
305000.0,81455.5253366501
359950.0,92438.29182257352
590000.0,81932.48762755524
690000.0,96533.32628857988
575000.0,86736.16400381934
700000.0,90820.21751188033
282000.0,75108.20037657779
205000.0,76747.99849470092
375000.0,81312.54825591538
520000.0,71724.1302278577
227490.0,68332.75380914853
699188.0,100990.85805932507
438000.0,67628.40031491342
216500.0,44818.33041811811
485000.0,52961.92546927699
180000.0,63113.765451187435
375000.0,54069.02604973204
545000.0,81163.22717070398
393000.0,79008.80465352775
328000.0,76791.50166633952
336000.0,65939.46672790733
479900.0,81763.9857521843
377000.0,72335.3657785998
540000.0,87635.64176184902
425000.0,56102.31844791747
265000.0,81514.18708549054
300000.0,82398.07779721178
280000.0,69250.40553251632
225000.0,52185.74840801825
335000.0,63989.01652868021
580000.0,47532.879227461664
790000.0,87430.80682359217
275500.0,61634.20783011284
275000.0,77891.04902401427
599950.0,85092.629986303
359950.0,87612.92977961471
370000.0,73434.46471129677
614950.0,65063.84524221595
325000.0,46534.777501809964
295000.0,62668.18384789406
399000.0,53519.73109828363
610000.0,83996.18721583919
227000.0,46652.392928755165
720000.0,73658.06225108387
534000.0,78980.68277041882
598555.0,94337.61017865676
680000.0,87010.69938353918
229000.0,64660.1443107605
397990.0,64473.86672305864
370000.0,47325.326617425715
441000.0,75022.72858435719
487585.0,72354.20466158623
605000.0,99416.29911734124
260000.0,50410.029378533065
220000.0,64840.518680092195
175000.0,60828.03373399541
279000.0,81428.21489536099
334500.0,75955.61424159262
822000.0,89513.64711776885
285000.0,46602.45754274098
506500.0,77584.92814965322
201000.0,68079.39333588071
385000.0,66529.84827761832
494000.0,80909.9697007039
325000.0,58334.03714655083
190000.0,59551.96752884131
150000.0,58148.26802090663
217450.0,54303.18869041459
269000.0,61092.581257526545
560000.0,91783.01152918054
926250.0,91222.36435699275
329950.0,59451.29959436669
560000.0,88557.62743679859
350000.0,67835.84136373737
275000.0,73085.91352727255
430000.0,62149.523809282386
225000.0,66655.1887514917
762000.0,84964.8077509903
525000.0,53844.96152462397
323000.0,63625.75050911876
150000.0,59110.976189178495
248000.0,77119.11705002547
305000.0,78941.70273774776
360000.0,78617.78306286003
525000.0,59446.09144831012
735000.0,82095.15669002582
657500.0,70628.19012921484
750500.0,85910.86990813178
552500.0,55875.132366181984
298500.0,78822.30568158677
525000.0,65272.37005983642
190000.0,59740.55724840473
329950.0,55767.21173768907
245000.0,69072.47402246646
305000.0,87446.62197465755
220000.0,69427.65033966041
385000.0,81088.79091659456
475000.0,65442.10855634778
315000.0,66968.70246753369
249900.0,53216.649236445955
530000.0,43309.10028301162
377000.0,88390.0896730526
321000.0,73334.46653206812
530000.0,69572.33714397889
265000.0,61508.576211098174
252500.0,69770.62639983752
898000.0,72185.6113447019
474900.0,63214.50316103901
359000.0,81156.52281505332
395000.0,79251.75458923724
425000.0,67457.8498417007
324000.0,78291.16945932971
250000.0,55526.078721959464
479349.0,102576.95078048503
183000.0,59853.24530068098
432500.0,91673.17943252594
263500.0,42815.03328558578
299950.0,60247.56663264215
534500.0,72118.83538671109
226550.0,50047.10166843829
531000.0,87758.12958737873
195000.0,64289.249441577136
447000.0,52563.64447753379
515000.0,94732.81021529523
442000.0,62954.12957682565
414050.0,77912.67322392622
775000.0,76699.79951799412
235000.0,79818.3415825851
501000.0,56060.75051600224
332000.0,80308.62327869456
188000.0,65100.02675162223
541500.0,70638.16133121468
470000.0,64477.10272593534
623000.0,85761.06211543834
265000.0,87611.99342393961
345000.0,53711.165020611064
728050.0,74037.13206718986
240000.0,70363.38751724543
507000.0,64124.17944953491
325000.0,65352.811664338195
353000.0,81153.13892107393
281000.0,64618.004515227396
245000.0,45044.72072030778
535000.0,53344.08288438882
550000.0,92815.58438035451
850000.0,90819.92889033619
190000.0,70100.76528549407
384400.0,77215.64067340852
579000.0,73402.17236079351
500000.0,51333.39533860379
650000.0,93080.31553109403
193000.0,58819.193312795
600000.0,85031.65613710078
385000.0,85959.9932045427
329500.0,69977.43741219072
260000.0,57821.69662380745
385000.0,77692.78288383855
610000.0,74603.60156235076
270000.0,81115.86444169888
353000.0,70658.52080185252
498000.0,81172.39405401355
380000.0,67019.22609589656
513000.0,70707.62597823155
294000.0,79244.19571554854
360000.0,64016.984716088584
515000.0,46849.65254860236
515000.0,72855.98385854982
210000.0,54694.18804173764
717500.0,85655.9266072226
425000.0,87281.0450106239
295000.0,63724.642067319895
265000.0,72065.34450277763
289950.0,69947.61086411387
222000.0,57518.543753116945
817000.0,68595.41033287504
230000.0,66793.53200803563
265050.0,52092.624835472845
442500.0,62514.35293568364
355000.0,61108.05733753451
1008000.0,87461.75555752002
315000.0,57452.26165745362
952000.0,87581.82816832015
635000.0,79326.52732564142
272000.0,79441.26207093647
386180.0,52680.65135595257
475000.0,64471.40113828394
600000.0,49657.615279413614
507000.0,87703.47837024083
386000.0,68279.42139172208
449400.0,85367.86245755393
583000.0,78201.09760293891
251100.0,76262.71820238503
640000.0,71877.7250074
766000.0,89466.1018429945
315000.0,54640.740917758325
325000.0,87463.40655743306
315000.0,54041.44588788999
272000.0,77502.1344682395
355000.0,65493.369110616775
835000.0,75190.11279575978
370228.0,83197.5394292449
210000.0,58866.62803217789
257500.0,75172.68844413225
535800.0,82032.22075424314
661000.0,85663.2850308882
747000.0,51861.557696603646
440000.0,66362.34042315857
150000.0,48337.11560587169
365000.0,89057.41413720802
390000.0,77956.16260092481
765000.0,82569.48901940894
415000.0,67848.47276915063
669000.0,66264.68384467249
667000.0,89822.34508424463
380000.0,66941.35942910015
460000.0,66469.97590495428
250000.0,61258.25731072049
257000.0,65441.713548413
353000.0,82270.50953695612
427550.0,46457.639055241896
548000.0,66932.57548348032
610000.0,88682.66172017806
525000.0,82341.53030432542
430000.0,51689.998374878
735000.0,80356.5610102248
246500.0,67703.51703004508
525000.0,47652.83432356683
479000.0,66106.23726555318
599000.0,66754.18307036781
907000.0,82563.11905157057
495000.0,84842.77873380805
345000.0,54927.048323109266
625000.0,96149.90124513858
449950.0,70944.98086285358
255000.0,72123.49704168762
538000.0,75606.13692369999
392450.0,64310.4047448003
730000.0,103053.19326800281
900000.0,86539.36160481849
465000.0,67472.01665034708
499950.0,58232.457146896646
360000.0,88613.62124966993
414500.0,55232.5723843896
450000.0,53973.97252258201
557000.0,93284.0420849738
499950.0,57880.45442394192
435000.0,91720.92939232734
589000.0,79285.41902226917
708000.0,50058.08515233644
320000.0,48334.586693418525
725000.0,60837.464094375384
432500.0,84023.08666770591
675000.0,70751.55905527313
202500.0,68478.52388501065
435000.0,82924.5659408886
615000.0,68501.73734506025
239000.0,67736.87404621376
450000.0,76133.40228566757
572115.0,99349.23557918196
305000.0,69962.4951971024
287000.0,46911.76929146004
152500.0,51295.87854594655
470000.0,64155.02258963205
225000.0,86383.14178794844
324000.0,62326.67270259918
205000.0,60117.38821058085
400000.0,70949.10774822133
287000.0,76284.1711246553
445000.0,77866.40261467027
500000.0,65357.32004243249
553000.0,48184.08665640439
410500.0,56385.29973526976
560000.0,74660.44528849397
362300.0,89836.40953572177
685000.0,97163.72000273349
270000.0,81045.98063729002
398750.0,71815.96556755567
455600.0,80362.78455993599
457500.0,60956.25268880847
699000.0,62233.52773890631
230000.0,71160.15389882888
260000.0,61340.878940822884
300000.0,85253.45185758294
205000.0,70626.75759217008
415000.0,70592.55591064983
590000.0,70818.55519811441
284000.0,68986.1010934909
325000.0,73661.22702280383
900000.0,64629.43099291042
532000.0,56915.715552667025
313000.0,57482.141057226705
278000.0,77711.15162217004
285000.0,65373.44801494146
510000.0,70465.16716675724
295000.0,60552.5064877678
500000.0,80154.83899293783
280000.0,76312.0203769552
790000.0,60545.796801756645
591000.0,63995.73360988111
438000.0,86843.62693523522
359950.0,86118.89506050447
425000.0,55713.75157774887
465750.0,88251.28610807555
140000.0,62212.96415083892
305000.0,56974.86920893934
235000.0,64491.00397947834
525000.0,87006.43273748727
420000.0,70777.30395983998
279950.0,74195.71717855678
440000.0,84472.33626575932
324450.0,73646.15250346469
405000.0,71972.27485530262
365000.0,71200.41774967409
299950.0,75522.56217495081
552000.0,55968.349054774124
355000.0,77239.21440895583
305000.0,70640.57589686385
110000.0,55463.87249369598
325000.0,65379.93955927197
427500.0,61861.94284555437
375000.0,93052.27183850286
168500.0,61341.8611497292
362865.0,84327.193475156
485000.0,55567.21144460359
230000.0,66328.26846059968
535000.0,97655.95598931881
324950.0,58975.61564669582
489000.0,61829.04473340405
754300.0,84312.17974855757
329000.0,58495.87213566929
380000.0,88088.6236967953
447450.0,73741.65414141472
430000.0,67376.56825901817
270000.0,82077.92137573277
199950.0,72019.88592631737
715000.0,89870.55489124788
405000.0,78716.25620115596
260000.0,69477.11804883477
332500.0,65022.846365767895
278000.0,64190.24738344462
445000.0,67884.39044445718
304000.0,71622.05614161605
625000.0,78342.903783645
373000.0,78122.85281331644
359500.0,76693.47373970157
253000.0,66858.73016147537
368000.0,80275.12001852391
680000.0,73417.66335216469
439000.0,61556.69121012538
590000.0,71763.19672358342
264950.0,69432.77255142921
275000.0,85418.35237713209
338900.0,77633.22641655577
517850.0,91632.93816096752
436000.0,69336.37055033562
899000.0,84165.67963265357
625000.0,88648.06494499993
232000.0,61879.81281003262
510000.0,72061.68156449155
485000.0,65823.5905015131
372000.0,86359.73648145582
483945.0,52489.816122887605
511200.0,65323.41756574421
509500.0,82947.58380329853
279000.0,68461.30773559549
570000.0,74475.70313867836
259950.0,58465.95145201091
340000.0,81209.0824007438
229000.0,56297.228779301375
276000.0,81211.07126197913
517500.0,57138.921037570515
626000.0,77269.51205658031
489950.0,89746.86356563527
257000.0,71175.11450567585
350000.0,52812.15756226609
400000.0,69666.19049295915
450000.0,65388.06720747895
760000.0,85838.4412404609
442573.0,65753.56872736463
450000.0,53730.719106888384
245000.0,47045.01838241251
254000.0,75071.0419122072
550000.0,65145.298824208076
585000.0,96713.13573237299
354000.0,86227.16262923606
275000.0,72750.33434424805
195000.0,52150.1552463467
200000.0,69623.6850423856
240415.0,65017.805225506476
439000.0,64357.276151267244
260000.0,75862.76644518734
293000.0,77641.62007805059
530000.0,68190.44746631151
225000.0,65094.676362541075
667500.0,80671.37647892961
653000.0,88240.65943116095
445500.0,66489.63032739864
270000.0,47951.40771625677
239900.0,56691.32545820791
671300.0,88741.19297520904
259250.0,49397.57697211062
321027.0,94204.26256175546
240000.0,46890.955913050915
258000.0,70905.13057746706
479950.0,80638.22588750892
341000.0,69759.12589017737
519000.0,69601.91688072073
450000.0,59506.33354567487
235000.0,79963.7556041367
300000.0,56454.95459113849
294000.0,57227.56228451574
379900.0,71590.47496865455
757000.0,94736.69957778216
215000.0,65211.90848792491
654500.0,71251.12546404716
450000.0,62374.66680611256
799000.0,95242.00142382283
423000.0,65214.220546772834
494815.0,71475.11687256128
400000.0,81391.2936962991
582000.0,54883.40520643513
599000.0,80886.68466394435
875000.0,76059.11827269956
560000.0,83156.6976496808
269950.0,65656.66818765689
345000.0,53047.98101954862
325000.0,58064.806295599985
179950.0,51386.95108729854
245000.0,77650.14386612487
345000.0,91740.23620295775
615000.0,68076.52509186818
355000.0,49755.70284891261
371500.0,60012.22157811718
357000.0,58225.87776681549
310000.0,77228.10885991533
500000.0,78042.19153222606
482500.0,60665.19850395811
710000.0,92947.94083582915
400375.0,68644.51615024696
225000.0,51656.261278304184
425000.0,61784.65448520328
868500.0,91472.03323851392
481450.0,59653.32516339701
315000.0,66874.95903629024
510000.0,77195.78015458466
537100.0,78266.41967431642
485000.0,90351.70503632652
185000.0,61120.318904548825
510000.0,73125.96204131923
390000.0,63566.123743555545
541000.0,66013.68016152213
257000.0,49043.352471864404
435000.0,65225.156941384426
420000.0,70309.14354448424
841000.0,107560.98232074271
375000.0,50258.37713990041
350000.0,66875.50161063862
235000.0,76963.07775901299
520000.0,89343.80057282533
429950.0,72564.34116205852
410000.0,90633.43818285692
411500.0,62245.09836181077
420000.0,66559.06218751465
528000.0,84076.17679979738
249900.0,62678.038671213246
315000.0,65680.52045113269
535000.0,79430.94734732645
315450.0,65460.26115263846
385000.0,61925.55799409693
215000.0,51688.36800059232
826600.0,83946.79577395321
500000.0,69500.95264280943
479950.0,62345.16833233814
302500.0,71933.01272619632
446500.0,85489.05209628417
430000.0,66767.50243305949
470000.0,79237.79509850683
465000.0,78360.88728387348
325000.0,86865.7306331177
283748.0,77154.53212353101
415000.0,60120.63829089276
329950.0,86361.566341653
919204.0,95206.81887486356
578000.0,82939.27943955272
478000.0,68636.54878600859
380000.0,76987.9090915765
505000.0,81995.13763984226
225205.0,53657.60011141347
286000.0,55712.09819890514
230000.0,64025.8904962098
372500.0,68237.74909866396
481000.0,55821.68216793901
589000.0,59245.27517104463
906000.0,79645.29719987384
238000.0,58681.3777084108
304500.0,82987.5396310651
316500.0,72149.54099574062
460000.0,60176.283771790964
530000.0,77415.9020699202
550120.0,85112.94346007687
655000.0,88148.94459527975
824000.0,95934.49783731275
535000.0,97216.8073909025
346100.0,52584.446469047965
459950.0,81177.7742618976
166600.0,64604.75265330891
589000.0,64891.01468326843
299950.0,60517.85463879787
575000.0,58088.96575413023
499990.0,90813.72284423454
285000.0,58041.04831886779
425000.0,59929.715570308996
610000.0,76182.31729524794
715000.0,70104.36725080533
329500.0,56968.383826857666
334000.0,86650.44915328673
220000.0,58089.26821485298
292000.0,60061.42809636764
449950.0,78461.57417240147
626000.0,55220.63252592515
402500.0,65849.77634790086
627800.0,85099.79417028915
439990.0,71803.830337966
489500.0,90695.64290436782
650000.0,86078.40780125992
180000.0,59142.04450679943
317500.0,70273.29952171585
482000.0,47479.78448017426
319950.0,86376.16483225519
290000.0,77930.91088798107
638000.0,70441.1558152677
425000.0,67340.32081937055
235500.0,63626.11444975761
467000.0,75144.62969875557
290000.0,66914.27082577153
725000.0,93234.7832764743
585000.0,85320.81337658396
433500.0,61034.648458903976
369000.0,57481.807703375365
615000.0,91275.46440750535
317000.0,67247.27320169017
380000.0,87632.34738518328
536500.0,74328.12182605668
773000.0,84820.52828053173
398500.0,83862.40481970941
294000.0,52016.35672109085
754842.0,88565.56884047342
212000.0,81521.44782847347
330000.0,62716.09609742201
310000.0,80090.31926684032
328000.0,90622.09119571812
749995.0,107521.15181620396
369000.0,65646.70565288213
225000.0,69987.84207170765
577500.0,80167.49154708571
350000.0,66343.60402941765
340000.0,72964.27091571565
265000.0,72504.31298686657
448000.0,73097.39791384923
461000.0,68262.45820891391
180000.0,43855.01617888277
235000.0,66058.72362445954
355000.0,61118.14228652409
497000.0,71260.97727029187
462000.0,67145.91523703746
190000.0,68344.64720426977
352500.0,62854.9989942502
532170.0,67235.1552464
245000.0,46069.04132710102
475000.0,68065.97220478306
575000.0,61950.33725076371
336800.0,85853.24329650028
412000.0,74196.39258439901
665000.0,67932.20720505435
199950.0,68581.389519666
545000.0,87389.05857642839
309000.0,59108.67696569607
530000.0,77118.54370005931
654000.0,90695.42302304231
400000.0,80511.9133292472
349950.0,79713.15305505622
842500.0,80199.83575421384
325000.0,54020.73249276353
335000.0,50976.03058957748
432000.0,69830.36830838985
580000.0,74911.9453167237
333500.0,65221.0332189445
149500.0,61863.313460410514
365000.0,84225.33353293288
487028.0,59402.75887390401
525000.0,78864.76508587514
260000.0,66649.98528978397
250000.0,73027.15123104441
399000.0,79854.98075493763
405000.0,69428.74872341315
382000.0,65537.92922321243
230000.0,63269.58644800822
344950.0,63192.45766545647
432000.0,67353.94689644498
515000.0,89147.93770405259
440000.0,68258.9632788389
515000.0,79024.61918704714
660000.0,77845.11636089017
305000.0,78424.98231498234
400000.0,48554.174373692105
390000.0,72670.56446078424
353500.0,63460.910477860714
228000.0,68103.8914082562
463800.0,62590.85507392368
425000.0,66902.06411911537
410000.0,68462.06842879805
689900.0,96380.0098285876
457000.0,94688.64888508955
580000.0,81293.41874613604
380000.0,65901.46357045477
310000.0,75466.91756410415
239000.0,55842.40728021308
258000.0,64460.18883720654
292000.0,71040.1094399329
361600.0,46714.04028031882
557500.0,75293.79481249192
312500.0,60139.92038695325
363000.0,61897.89635580014
400000.0,67807.54520230467
342000.0,81082.56208108779
306000.0,57725.89080704482
311300.0,53999.59711310131
545000.0,80321.13841903619
455000.0,54423.82826820525
417250.0,72209.93750181676
245000.0,75880.99524233522
800000.0,92234.37995571623
200000.0,47986.64711493364
355000.0,84141.68225769183
228950.0,52522.54800937842
375000.0,60663.34956726706
540000.0,65601.20527234022
305500.0,62249.99593205266
315000.0,62134.05425722225
352000.0,86323.09135204015
335000.0,58600.97100253115
475000.0,69082.35923247895
430000.0,94128.4745346405
970000.0,115921.2035597764
290000.0,88839.31459569713
270000.0,72338.26343639838
305000.0,85507.01981961777
460500.0,62930.228759891295
665000.0,68820.86943356734
489950.0,79173.23751881249
333500.0,80317.53345275336
351000.0,83893.89228253785
280000.0,66580.13945771003
420000.0,67466.7474429589
485000.0,84501.86968617467
550000.0,88844.06427564766
257000.0,104700.77656628388
451300.0,65430.35740952116
310000.0,58845.357195170785
376950.0,88004.62207976532
345000.0,85926.25889961538
544300.0,76681.86418351704
378800.0,94569.4211413289
380000.0,69440.61649103067
200000.0,49665.733429031134
230000.0,70630.4556314621
480000.0,71365.86566665798
126500.0,57253.68538680926
415000.0,79212.20659022714
261350.0,74603.11143906265
320000.0,53333.90346402694
269000.0,66231.62043616213
515700.0,85265.14989696938
470000.0,91691.57963226229
455800.0,68960.1000687424
915557.0,113791.69249592334
313000.0,76429.2104901138
787500.0,70847.91306016545
240000.0,79833.18133075972
700000.0,71875.8658517475
750500.0,86350.82910462751
300000.0,65347.7778893141
589000.0,79074.60700710533
726000.0,80461.88377252435
569500.0,69435.27279890681
572650.0,90136.1432133375
352500.0,63568.716655369615
370000.0,77929.6475300915
328000.0,44546.88314165684
295000.0,76224.98985611486
419000.0,65827.27782598216
200000.0,69027.58936349332
455000.0,50050.082403834014
705000.0,71686.89982497923
446000.0,72341.14306806779
659000.0,90236.52984486145
483000.0,62070.524169501005
375000.0,70464.4680534713
541338.0,75649.49564425615
325000.0,84559.79986907546
235000.0,68339.74717950547
211000.0,73977.96785787016
570000.0,59249.84802945644
370000.0,92321.68970726967
665000.0,89274.62790212805
390000.0,73725.08357798742
760000.0,78611.25113319198
592500.0,70478.23080457211
151600.0,59487.852944877
646000.0,84495.7915054282
925000.0,94244.6867928092
407000.0,47326.075976661436
480000.0,77008.28566863286
336000.0,52058.960002028325
410000.0,66435.79200922648
525000.0,77563.53263158107
234000.0,54507.71729931371
415000.0,86232.55035301181
747000.0,62881.60581799569
350000.0,57543.93182145925
350000.0,88985.38188200953
246000.0,68558.7365098942
550000.0,65861.11864888502
355300.0,74206.73309578624
286285.0,73403.02830902026
206000.0,59033.3012248156
725000.0,77092.92576927673
486940.0,105302.89769785918
465000.0,52212.45340930352
406000.0,67136.41444658546
883000.0,87786.94007729422
334950.0,78949.36371263432
465000.0,83149.42565596446
350000.0,57426.1824534294
425000.0,59789.29146544803
465000.0,68454.68090855486
405000.0,64805.30920575293
300000.0,48504.09846748397
390000.0,75116.25964210971
638500.0,84337.87955906063
925000.0,66034.30630270288
165000.0,56691.32545820791
667000.0,70296.35254871997
289000.0,51971.462799939836
473000.0,79168.28242868201
530000.0,76679.02208440838
435000.0,69918.50526640296
419900.0,93107.95297350312
475000.0,61395.1156081508
290000.0,61133.78933553783
309000.0,72142.36250683673
292500.0,80231.00609690348
305000.0,59476.715119693894
597400.0,81421.26756553077
569500.0,89083.5937570475
294950.0,56001.96411068681
450000.0,94239.07878107301
374500.0,96542.40060350238
686500.0,66650.72234100832
125000.0,51507.174546397524
502000.0,70005.83394488049
718000.0,64827.61497992532
367500.0,67085.81652245566
377000.0,75942.82553544863
437000.0,66218.63741158819
339000.0,56208.863714089115
302500.0,82237.63868836136
355000.0,67057.80060303432
534950.0,85219.54717696787
382000.0,75118.03420199877
279000.0,65950.25857131358
690000.0,89254.51201885255
589000.0,96306.48227829131
559950.0,77879.65824154744
413565.0,68200.91777214539
250000.0,81970.94131094139
241000.0,69329.39296518615
439950.0,92143.10611148168
369900.0,71389.88825985132
442000.0,93494.92755962792
700000.0,72355.5748016581
400000.0,62909.7125741222
1013050.0,95837.70707265507
539950.0,94020.85628212903
455950.0,85951.48429425174
325000.0,52083.57203576228
607500.0,82485.60552167543
452000.0,58355.56547073541
254500.0,88053.27999111055
300000.0,76297.44199815509
681500.0,95820.4430211806
500000.0,74213.83024284581
299000.0,71289.2281178804
430000.0,79481.03712209125
279500.0,73159.15962704127
330000.0,69559.3374731887
200000.0,70515.7690379468
180000.0,48753.148259579146
330675.0,70064.32286978653
123300.0,63965.90210025423
401000.0,82021.07190343319
419995.0,71348.63861438917
575000.0,83612.68372062626
385000.0,72188.31687101944
635000.0,82736.20118019462
405000.0,65258.602711871914
288400.0,68648.04691868501
210000.0,66725.10934510484
239950.0,75799.70388613043
342000.0,44529.42278007217
270000.0,69060.85981870837
403000.0,48790.07278816431
515000.0,66648.44892385413
518000.0,80870.20171471668
274000.0,54197.98770951625
302000.0,57866.59687227756
206990.0,64652.45913526502
458500.0,64824.30679124231
249000.0,70341.9982612425
849000.0,77365.68953265194
298000.0,82799.273942999
533500.0,78238.50166435132
443000.0,81536.73311821834
290000.0,48743.712788384204
432000.0,49160.31678061851
345000.0,50031.82380846565
416000.0,75317.76716685967
350000.0,63010.16192798586
472800.0,72550.10568423716
615000.0,104381.953284591
169000.0,71590.82163785915
885000.0,93902.62897688904
321000.0,85900.34706251326
351000.0,63947.89030136757
237000.0,62783.97181755553
837000.0,97342.74112732672
305000.0,51909.00312544506
453000.0,81602.32428159851
600000.0,92506.19687733549
462600.0,63381.763146212514
235000.0,63911.31268394942
415000.0,76529.32995728047
445000.0,52802.88613820887
528000.0,78844.64598029028
294000.0,65100.397489724026
275000.0,59338.73835860751
204950.0,56382.128571596
520000.0,65432.84590422577
353000.0,75167.16999133246
682000.0,49503.580957925275
740000.0,71151.19375607654
259950.0,48279.46626212256
285000.0,88955.72934572752
195000.0,52495.60394761709
270000.0,66608.5351284439
469000.0,97067.2931532414
541100.0,94894.5259352561
520000.0,97766.09059793023
370000.0,57982.82718444515
325000.0,56370.45585273015
495000.0,73759.72546765726
310000.0,85103.80782267085
299900.0,66577.34154446165
392000.0,67509.13988681974
362500.0,70618.39547426172
900000.0,65410.389303529824
665000.0,89535.28466131428
496800.0,78443.80774374274
635000.0,61299.000881049215
535000.0,75396.1861480949
585000.0,83226.60782815506
464000.0,90828.25228141915
600600.0,98725.86272010929
200000.0,63286.30541958638
267000.0,68971.92535560536
190000.0,63696.54369029014
410000.0,92243.88130623197
363000.0,92876.97174641507
499000.0,99691.89203127229
96500.0,54258.3812661977
258000.0,70173.9613316627
295000.0,62216.57958194705
350000.0,66014.25586496164
435000.0,85362.8917069092
330000.0,69339.17844752711
284200.0,67529.47749000517
316000.0,87389.64676026997
625000.0,83452.880509189
450000.0,78189.05956855004
405000.0,75339.34607129483
450000.0,71385.99826894369
397000.0,69253.94026335221
250000.0,77129.12042527372
630000.0,76440.91695737815
430000.0,74375.12696753332
239000.0,68822.30358789167
280000.0,51970.98685180645
220000.0,57616.85093420183
410000.0,65592.91408394935
600000.0,91047.46092141043
575000.0,84741.07229242008
400000.0,49595.567325325654
710000.0,90846.99943788335
506000.0,71077.12164205969
252000.0,72943.78639816551
750000.0,66856.66115370984
544500.0,84981.7493424234
336000.0,74830.13565472812
158000.0,63688.025568785706
255000.0,76609.32788286154
363000.0,89688.19479197328
500000.0,88143.25880237835
751000.0,101045.14604990344
760000.0,92184.3672144925
269000.0,68346.91968108134
450000.0,75774.80079542319
340000.0,70200.09584436899
664500.0,93449.02833834462
165000.0,55689.07427567997
199000.0,62155.89919128394
611000.0,84789.31161336123
280500.0,60905.699961488295
502000.0,69149.99030924574
370000.0,64278.87547585045
245000.0,61899.033962622234
215000.0,53524.830726925255
760000.0,79588.06120547559
305000.0,70318.83296760963
475000.0,70500.16250326752
515000.0,72496.3710503124
680000.0,88384.9725188387
216000.0,58680.43095806038
315000.0,84211.17458098309
205000.0,52212.15443416642
390000.0,48088.43359188548
625000.0,80382.32864044717
612500.0,99671.32373242745
250000.0,41577.220495074216
285000.0,64548.833280809435
559000.0,64582.94113093055
390000.0,85424.26728715604
366000.0,43359.28977087572
295000.0,56046.746430531224
357500.0,55590.564043067956
236775.0,79015.40777220059
411715.0,66176.8514071872
349950.0,92979.81156597166
359950.0,75327.73790919031
260000.0,73382.7840102552
482500.0,68481.67405519196
289000.0,73199.58361986114
236000.0,80052.28745339843
995000.0,93706.80732966572
380000.0,78681.65392026826
705640.0,85726.29591444075
310000.0,71359.18871459749
525000.0,103546.9097114995
280000.0,76117.63756008029
300000.0,59404.05950913594
434975.0,67831.48342409651
315275.0,62306.87877759873
195000.0,67304.81498896904
419950.0,81703.55033210496
812000.0,100340.74616139704
260000.0,66746.58264418115
625000.0,90864.69557596763
522500.0,61772.73713979618
340000.0,84320.91599550293
325000.0,80127.47552694795
240000.0,69131.05539412005
384000.0,63727.063598308014
529900.0,98921.11805347359
572000.0,74790.48110645702
435000.0,60912.440264926314
215000.0,61029.115486152514
330000.0,65113.19172149402
340000.0,44506.4374053129
294000.0,58599.30688851873
740000.0,106211.87719294884
424950.0,99132.30014020283
537250.0,89238.72796983786
175000.0,51228.26058269221
450000.0,75383.03649188897
492000.0,72297.7952664388
375000.0,69317.03764650892
386000.0,66811.10693262977
430000.0,65212.10445520052
410000.0,76949.73383048669
325000.0,51384.865773715865
450000.0,67278.16360606477
248000.0,62820.96655843851
890000.0,76965.0424421307
840000.0,67680.729928196
540000.0,74788.92070355547
561000.0,86546.24873328762
360000.0,64328.53930606661
394900.0,65154.422454038104
750000.0,89609.00098597677
607000.0,65057.90898867092
411500.0,57242.86046750528
479000.0,87553.36141147293
315000.0,75926.12818867837
230000.0,54406.85996301611
600000.0,72788.47579233548
285000.0,50814.880268868954
235000.0,48887.015080469086
280000.0,58052.223388859755
300000.0,55731.95700503535
405000.0,69318.21161111153
437000.0,63537.37730202955
370000.0,65067.47995215202
850000.0,98696.0080230261
179000.0,55889.48885275467
538000.0,83957.93624448792
600000.0,93699.33688582933
305000.0,77981.9953424808
549000.0,84038.60810343348
319000.0,90677.6160745378
660000.0,102471.06840583868
398000.0,67131.75240287124
299950.0,75019.27727661098
230000.0,50693.84992016121
291600.0,64868.89837716075
264000.0,69840.2134769065
425000.0,87702.63303550059
260000.0,68813.33019180008
519000.0,81121.38783688951
330000.0,84544.54976077536
592500.0,64734.10022214272
539500.0,94219.39815659855
630100.0,84692.52270909672
230000.0,72761.94315211318
349000.0,69586.28358261059
175000.0,53901.502813035084
585000.0,59552.430068948044
381000.0,82039.28633478389
447000.0,48117.566637597236
315000.0,64103.91734541248
525000.0,68118.11679980751
505000.0,69733.69282287601
158000.0,75617.13951415647
447500.0,93726.59403077903
310000.0,60177.859665992204
529000.0,76485.49022505051
198000.0,71521.2871054547
605000.0,66211.12432137369
930000.0,86238.05911363849
564500.0,103655.65585142544
365000.0,102220.79714211507
565000.0,100312.85289769851
415000.0,64515.921191978334
250000.0,64601.035625024524
665000.0,81133.09972552786
415000.0,61324.68705101979
339900.0,67908.04631722099
478000.0,71119.99286737727
255000.0,73062.70201695358
815000.0,89289.21778901407
273000.0,76004.63061065109
453500.0,50676.78890600155
310000.0,65757.39277492547
450000.0,50129.17658598168
319000.0,70213.27964845579
509000.0,71167.26530094491
332500.0,79748.41277263401
225000.0,80697.39810651653
249000.0,66158.19341018
180000.0,57087.509645507176
619420.0,104671.84492534946
469000.0,76177.68724543898
439000.0,68735.5091472443
345000.0,54143.10856130161
380000.0,83308.59100380131
312000.0,81521.19135278759
367500.0,67843.5404921063
420000.0,71202.3361060093
263000.0,70014.68912027538
320000.0,89289.46516082925
624000.0,77033.93315478663
450000.0,101858.57777074129
183750.0,76682.19893340544
658100.0,94370.85502349644
410000.0,47437.10232604772
345000.0,53976.81075123588
286000.0,74101.22588102943
271920.0,69112.54510668697
518000.0,94390.2729024881
399500.0,87939.98013202255
410000.0,92037.39687935042
915000.0,93535.71435328716
607000.0,88900.83258250743
287000.0,67213.52604624968
280000.0,69469.14486865951
509900.0,90369.71685396433
985000.0,79064.88092877509
353500.0,49419.522473562225
840500.0,74864.60014599434
750000.0,88310.40580723988
445000.0,77662.04093504089
268000.0,73509.89766754853
285000.0,49098.50290925667
420000.0,68751.6411449701
395000.0,48512.48719101064
452000.0,83102.97740742954
165050.0,58808.43649410549
650000.0,69580.71602243105
595000.0,73175.67768855696
389999.0,61371.00686986685
480000.0,72841.31025011424
495000.0,59099.08073122808
330000.0,63677.63143118576
230000.0,61056.56760408988
891000.0,80784.69141329032
270000.0,73063.89151321969
306000.0,83232.95372021172
329000.0,59086.1473273479
521000.0,80984.38835176635
292500.0,72227.51320669349
360000.0,63886.83739411412
407000.0,65323.00560979622
343000.0,67048.57328050914
504975.0,70176.9727460819
253400.0,71904.29859933993
330000.0,66927.19566618148
387000.0,61378.67088631337
522000.0,69468.69529943081
517000.0,68297.31501641491
690700.0,99123.53187126598
895000.0,76252.30657131296
237950.0,63173.53294644618
404763.0,68342.82260317824
252500.0,82397.58929442607
370000.0,65224.225674000714
399950.0,66492.03034775691
337000.0,62045.120982800276
511500.0,65640.05052209378
392500.0,77081.94766014088
370000.0,53663.469590914596
450000.0,52135.95277638374
340000.0,93011.77231086142
385000.0,70725.742658279
654000.0,78618.27814073898
572800.0,88357.41621850338
849950.0,96268.51566053412
408000.0,70025.65585219071
304000.0,78387.53186400028
625000.0,81642.64578557204
446450.0,66521.25615559217
690000.0,103932.04005285795
398950.0,96954.61443366273
547500.0,92008.91191662186
680000.0,78236.68055071833
255000.0,75210.90896545452
790000.0,52807.99370291812
365000.0,52484.15190282954
445000.0,64694.04456449313
660000.0,73654.23962681793
720168.0,75702.36622308905
390000.0,54533.69748996758
970000.0,47372.69832067299
585000.0,68339.40921832432
235000.0,61774.79750767447
339950.0,78728.43165678371
875000.0,68465.3438142889
381000.0,82544.93449685887
445000.0,94172.47929077575
490000.0,80947.01680002506
405000.0,81334.23835108776
475000.0,71968.8623383748
577500.0,56988.233435801085
500000.0,73893.32703428782
250000.0,57217.904337618544
293000.0,81761.54670861218
443750.0,60907.36566573479
281000.0,72451.43328418714
231500.0,61518.12217955061
403000.0,65274.68655929413
530000.0,67841.44225023489
380000.0,60894.55510098279
325000.0,88261.76855291687
333490.0,82519.97813421936
450000.0,57863.624386186115
530000.0,86266.61235417749
219900.0,55648.58409579571
260000.0,85946.34862917845
560000.0,91581.33003780062
465250.0,81479.77217868686
200000.0,44510.2629189682
477000.0,65913.55056831938
297500.0,82546.75009843078
480000.0,93499.25242220455
595000.0,82425.69435294488
477000.0,56850.08675450887
200000.0,56043.45531052012
300000.0,68504.44931674284
234000.0,59506.03126751644
620000.0,93501.25617463829
445000.0,92103.53680237137
399950.0,60131.041254885415
182500.0,72066.90537229215
275000.0,75146.92053703652
290500.0,73513.4596447864
357000.0,66055.64218934104
510000.0,72084.27954900655
347000.0,59443.995741522056
260000.0,73700.52499984656
230000.0,59413.68889792092
300000.0,62820.27654827876
690000.0,102284.80065753704
620000.0,53373.72270075337
630000.0,89026.15760436872
223000.0,66426.04733762973
380000.0,46568.80678031595
425000.0,59561.378649176026
549000.0,90416.11013650373
663000.0,65666.44726702664
889000.0,99687.69474179087
825000.0,106293.35423365477
345000.0,67280.38248594728
323400.0,82142.8104381997
240000.0,86359.48620571116
710000.0,78673.31216591877
265000.0,71680.659346937
505000.0,87180.45223346903
865000.0,99511.49713644187
386380.0,69285.72356181734
581000.0,75165.23440203875
393000.0,84794.29053590473
249950.0,64590.46181369132
370000.0,80909.80766307551
799950.0,95571.68206243834
280000.0,53828.73342131649
449000.0,73055.62996362103
730000.0,89960.67859744126
410000.0,74324.12149360348
352000.0,80510.74494490304
346000.0,70208.82417192028
565000.0,99033.18144794538
430000.0,67733.70550922524
216600.0,65471.54942728351
800000.0,85388.8207742637
609950.0,75397.16158239772
570000.0,62527.183246444205
488000.0,72062.65287674183
480500.0,87631.62683614247
490000.0,74660.45288460335
539000.0,80052.63249826635
552500.0,61343.86562921407
495000.0,85845.15137555149
500000.0,82842.33874589525
260000.0,68465.57671043929
419500.0,66938.85067272249
708000.0,96380.37135646155
279000.0,76043.75430144546
600000.0,96213.7577788406
625000.0,87605.35877143686
779950.0,78558.32570666046
440000.0,86101.8684094597
260000.0,71424.74231504713
405000.0,49169.622614262626
645000.0,94208.24708989839
268000.0,73060.21037945575
463000.0,86626.2985609691
500000.0,77267.18255297805
507950.0,93205.84253529328
542000.0,75123.75862281494
1000000.0,87486.14593591975
454900.0,77235.16532140017
680000.0,98795.89611443093
405000.0,64836.48724569471
315000.0,64330.40530203353
357000.0,86834.3728620968
575000.0,68702.8168186497
280000.0,74511.29258221305
340000.0,66613.07984888073
350000.0,51655.1355714181
635000.0,79842.64600414825
567000.0,82904.8647142199
298500.0,71338.7323466521
360400.0,79499.21848578591
355000.0,80693.70582330391
695000.0,94515.67271079175
418000.0,97333.8535617931
208633.0,77693.78829348212
345000.0,62680.558721309615
615500.0,61423.10132088828
215000.0,65326.44753743833
400000.0,56489.90269387096
202950.0,52145.25925562532
605000.0,95132.17330770764
479000.0,88118.55143030666
326995.0,72917.64304075018
432100.0,67991.71337475772
870515.0,103322.51791023702
505000.0,65470.07333181526
475500.0,67427.97536670188
310000.0,78230.93855935399
601000.0,81333.25084694914
410000.0,69985.5502556483
332000.0,87107.53072474006
235000.0,61258.90062636031
340000.0,68023.87888309796
685000.0,70857.77593826229
283000.0,73706.50389363294
237000.0,64454.07960453664
349950.0,66998.68486386043
285000.0,57865.71460206726
931088.0,101461.03264427322
820000.0,100712.05233476407
386000.0,86882.73843284039
415000.0,61774.0127127451
318000.0,78069.16280129235
415000.0,66426.70389997911
240000.0,66882.46517980013
293000.0,57241.857848625325
333000.0,85217.70191254112
185000.0,68302.2042167855
190000.0,83978.58169031297
425000.0,61796.44343970149
490000.0,62206.452612785855
275000.0,79177.48579972003
300523.0,82107.52776408184
481000.0,85729.24560549797
455000.0,68547.57565955403
290000.0,66569.70569786741
389000.0,62103.93451612567
625000.0,50493.40835629015
420000.0,56653.45173209078
1014250.0,73987.09770114947
530000.0,87360.7860600694
275000.0,66692.17647417597
349000.0,56317.52417696203
280000.0,69624.61487617517
515000.0,106196.49347114644
315000.0,74688.8879508918
572000.0,69276.82971875266
270000.0,69034.93632379775
310000.0,71133.92120527895
375000.0,87569.85855801377
471000.0,52161.547653835965
300000.0,58306.64874934353
305000.0,71076.50148473949
430000.0,91651.28102859821
445000.0,88470.85537629147
689000.0,87376.09981963076
775000.0,85197.99272964211
329000.0,94421.65813374665
552500.0,80554.54346419309
260000.0,68974.44263439503
350000.0,54017.45380838492
276000.0,45303.694113011006
250000.0,71053.61588418641
282000.0,66253.8229032695
230000.0,65030.5345394777
374500.0,77623.31977051837
330000.0,86648.89193011241
339950.0,70393.48937806886
675000.0,101875.11016072378
462000.0,87112.20372958177
710000.0,99338.65772658613
365000.0,80660.73442745343
450000.0,74822.64601962558
720000.0,69824.6754950339
367000.0,88083.59002810376
307000.0,80213.99983959585
245000.0,62171.54522385431
510000.0,82102.67627766277
443500.0,76292.92692232711
359800.0,90949.51908904329
519500.0,72854.43313314738
369950.0,82556.88539913108
279000.0,86449.88938582668
322000.0,60684.879028107054
176000.0,58959.80134757655
576000.0,95435.05689240276
602000.0,75115.46359562625
255000.0,63778.900482614605
775000.0,78395.1712529487
310000.0,56164.235145913786
456000.0,77514.5979352761
476900.0,58038.3986940169
296500.0,78867.814119552
230000.0,63387.05534537944
809000.0,79679.66989437873
350000.0,44590.913474594156
323000.0,77456.97922738598
550000.0,83710.93291593733
550000.0,78206.00299981503
474950.0,73249.47200054054
316000.0,87487.99805669292
570000.0,74207.40793880419
275000.0,71225.65061254722
320000.0,65869.35986902432
160000.0,54634.73679588905
459000.0,90875.58840058264
348000.0,90134.04912674037
290000.0,57263.82650410224
627500.0,89866.18725062105
455000.0,61974.22602240587
374000.0,82465.79226997825
490000.0,60171.81974169298
392500.0,53370.991670451986
822000.0,88123.17358738896
406000.0,64312.16147956729
250000.0,57724.25646554135
312900.0,75180.20659319559
555000.0,79603.5100379883
310000.0,51799.85892848721
380000.0,109462.08427215034
265000.0,76736.94331788298
475000.0,73374.86797748378
480000.0,80026.14170517016
889000.0,82549.5122329764
635000.0,80241.24041821324
465000.0,65971.25423871468
620000.0,70675.13881475145
445000.0,81998.36980989875
389000.0,74515.5581927266
577000.0,57413.763022309606
560000.0,65517.755800516
385000.0,51078.433366998695
875000.0,71462.22114535887
450000.0,69200.87676499151
240000.0,60194.20121538433
554729.0,89549.25536253935
580000.0,70602.62532277605
395000.0,70844.04994362564
219950.0,69718.94260276185
289900.0,68600.99676714007
369000.0,90883.64569044951
495000.0,69941.61459659123
701000.0,78523.59074975042
279000.0,78580.8080889934
229950.0,48220.70081944015
313999.0,75037.39116864119
518000.0,100897.1545523695
353000.0,54301.04141191632
210000.0,55873.61222540843
572500.0,86685.87491544208
1005000.0,86749.96569777114
572500.0,79723.00065623372
535000.0,89083.8396415762
340000.0,82826.83461263459
234950.0,67045.58474957102
307700.0,85731.4484568204
500000.0,82057.58270401292
862000.0,82732.85185500776
630000.0,81716.5522743297
632500.0,76465.1885714014
405000.0,90666.82155104593
637500.0,85338.39769952706
196000.0,54851.45209781533
485000.0,78279.43467639697
210500.0,60285.912926912526
253000.0,73117.01731171136
290000.0,56053.46642993207
279900.0,76701.04446558232
622000.0,73569.75492390298
542000.0,71721.6925531337
319000.0,66945.0657430402
280000.0,84974.96163246504
302300.0,92366.43843443596
209950.0,48775.70110745198
260000.0,78514.08428612797
379900.0,79804.48579060499
318000.0,67215.47414299381
173000.0,57583.09464872119
727000.0,78636.60440921127
388500.0,62677.8655336229
335000.0,85022.41855477444
339950.0,81791.58951454889
380000.0,67369.38314854141
570000.0,98108.38969459583
460000.0,56680.77625635253
270000.0,73710.17679050493
620000.0,77055.48524227605
563500.0,97039.90989614278
513000.0,84044.10264236816
425000.0,88683.63516631708
216000.0,70322.96769020698
290000.0,81030.51287544653
730000.0,80567.63333648397
380000.0,81507.20340841243
199500.0,62164.19426657408
425000.0,50446.343087686764
430000.0,65999.35484610812
690000.0,59491.84653392056
345000.0,58632.38670778293
368000.0,60720.696238479046
755000.0,98258.80645296327
268500.0,69498.55875461525
540000.0,72588.96704618406
342000.0,87967.51636183201
439950.0,93888.94915720643
325088.0,62000.3590646681
283000.0,69625.65942286229
300000.0,70266.78529941828
690500.0,92683.51690233017
585000.0,85155.12375396966
359900.0,87780.0494861149
330000.0,84129.89130150167
475000.0,60977.75953704873
218500.0,67962.08287411384
335000.0,63932.726805600716
438924.0,57175.541855775155
230000.0,66255.99164073754
605000.0,80036.03017563238
205000.0,67245.774536607
870000.0,90814.60926408705
466000.0,56800.77641755821
345000.0,76788.72524234938
222000.0,58575.28195854301
304950.0,64297.960022786436
437500.0,69662.17788899687
229950.0,67908.01974229759
591000.0,63232.84536770792
387500.0,63548.142519932
244000.0,65415.240669784005
449999.0,80840.02298329398
575000.0,54790.612131449074
605000.0,95108.8727943378
450000.0,50982.27004146302
710000.0,76949.17955458954
580000.0,67201.45791893678
600000.0,93980.72208762306
335000.0,87288.69948032871
725000.0,70388.48056147847
592000.0,94582.98493937307
257500.0,63374.043129478974
350000.0,63812.23347906856
251200.0,64474.10593779405
855000.0,83169.91242899306
435000.0,82908.49403608129
255000.0,64297.826408844645
710000.0,68277.42590970453
230000.0,65481.97924360242
299000.0,87794.98384326568
397500.0,64776.95644592383
207950.0,51392.6281656839
380000.0,66337.19275106248
197500.0,72248.71443604851
460000.0,98027.90556948577
722000.0,79026.68147740721
291000.0,79489.7951520755
440000.0,71917.61590212032
289000.0,75138.66772342891
380000.0,77810.32583055281
499950.0,58282.688846483026
739000.0,90569.43813164477
280000.0,83934.23386746523
575000.0,83643.81281012282
335000.0,64247.750317158476
260000.0,71020.44976431882
255000.0,74237.61020800663
675900.0,93881.58346916936
509000.0,62619.67043464127
347500.0,63129.665363366454
210000.0,69994.00853809327
608000.0,89677.39082051704
450000.0,79985.67908235811
590000.0,92196.19498619316
180000.0,65208.37011920384
539000.0,70093.96300001422
196440.0,60752.8257849236
655000.0,72892.69725819504
675000.0,69288.07891259517
465000.0,104595.23164667997
245560.0,59841.30243641554
670000.0,94378.58677101212
375000.0,75057.10003925375
220650.0,60968.02895887164
405000.0,93489.25096955102
490000.0,74250.79769291625
610000.0,84530.05284199095
440000.0,64538.64524919362
580000.0,96069.78381991999
750000.0,81068.28409776856
555000.0,68748.72278221103
453000.0,74319.73559211908
334950.0,88917.00034273192
640000.0,56560.62538157402
415000.0,46999.87223107062
367400.0,64245.295486061514
390000.0,84222.21038879834
314963.0,47130.11597757919
210000.0,68209.99325094391
308000.0,88345.39626163097
350000.0,46422.683248045374
220000.0,72546.42446493897
207000.0,76524.99771494845
327000.0,72352.6180400491
557000.0,88658.83825211081
259900.0,68309.44840664603
637000.0,72253.91361706812
310000.0,54211.84687908692
711800.0,94230.8377478819
570000.0,94848.93273473869
695000.0,76878.02850304074
187000.0,51805.631905929025
285000.0,66478.44724501079
399000.0,64027.86437561014
487275.0,83262.56603380771
460000.0,54779.07113013205
353000.0,70638.82623107175
350000.0,85500.59282799563
605000.0,90747.62734043122
169950.0,59996.144372734634
339950.0,83424.1269426777
329990.0,90531.41646504492
210000.0,65314.96257598988
477000.0,71306.86470123741
575000.0,81622.20415383391
825000.0,88009.69602530086
505000.0,66818.41988675928
429000.0,79540.75250630725
305000.0,92599.54541958083
219000.0,64784.91231707687
360000.0,57962.86481791841
260000.0,72335.62193329565
350000.0,62372.26476536742
250000.0,70287.16788980654
252500.0,52251.86468172784
510000.0,60254.164162797686
465000.0,88451.4902026401
259000.0,84086.84824043722
205000.0,69395.07835785864
648000.0,99463.42647994675
461000.0,73500.5282202519
425000.0,69378.28619576439
280000.0,65265.51069547759
278000.0,84847.45498716857
849000.0,79712.13910850402
254000.0,75060.23287794917
442250.0,81784.23687057155
290000.0,49462.13589741445
453000.0,72236.9839439178
676000.0,75063.08976683876
237500.0,64087.48865639161
257500.0,71359.66475116747
323000.0,88308.6642860303
435000.0,62912.76976314734
429000.0,75380.58916715422
340000.0,60018.26123663492
540000.0,73467.00604624892
545000.0,88414.62719668158
299000.0,78258.45760957824
265000.0,73350.69161434079
415000.0,57007.04213503157
690000.0,67339.31798045537
225000.0,60144.902834755514
212500.0,60371.05401362379
627000.0,82140.09521514701
680000.0,77321.05996886997
384000.0,69796.75057446706
220000.0,71581.33290775956
796000.0,96377.8661280417
598992.0,108617.83792349728
575000.0,71070.00720576681
645000.0,85162.13822467497
370000.0,53346.82100161352
740000.0,100776.23922129074
428000.0,75017.86797301326
185000.0,51505.508354492486
689500.0,78764.07773148762
549995.0,94494.87232556779
188000.0,65704.88967360657
643000.0,80591.00687071557
436000.0,80465.34869417374
390000.0,91942.33378096062
242000.0,65891.8763238212
375000.0,63339.16149100724
467500.0,59674.559627840295
875000.0,94178.41936955243
560000.0,57123.574490990926
543000.0,72861.35056642728
210000.0,72364.24204560365
548000.0,53687.42694215619
325000.0,63028.81658530378
245000.0,73640.50450330626
466000.0,68455.95074743191
925000.0,83572.47625480423
740000.0,99533.27501184918
291000.0,76592.69396025244
465000.0,65772.31131333712
330000.0,75308.47002054943
440500.0,68193.8259040401
360000.0,92407.64423911617
391000.0,61294.05085343834
266200.0,68443.10881567672
278000.0,60351.31898533769
515000.0,66171.21300726294
245000.0,66570.63293092203
695000.0,79708.082318802
160000.0,79700.73620513466
414950.0,73681.1377889625
414000.0,98134.59683848018
750000.0,96928.26388448721
385000.0,66019.41556234707
631500.0,80163.77389425537
660000.0,68738.24561014115
750000.0,96752.9974540822
279950.0,74172.35882858935
505000.0,80655.88433379153
545000.0,66266.2282254271
356000.0,59866.03426963916
852000.0,85805.42397728207
439950.0,59592.65003974395
268643.0,79786.39773558552
242500.0,62473.00437220029
747450.0,70789.37639411315
170000.0,46328.01758941986
665000.0,82484.858782045
257000.0,62211.552934276966
585000.0,98032.9866011974
419950.0,67226.00066549903
609000.0,93316.2867592524
599950.0,89475.34572282716
696000.0,75522.55727697723
530000.0,84903.09741109339
410000.0,59426.1974479373
504600.0,80034.8613083144
160000.0,55211.49781707619
210000.0,62185.36046627075
324900.0,85547.8713228914
219950.0,53985.547579841856
489000.0,79922.74557509158
200000.0,59581.67797782518
499950.0,65183.2230575439
394000.0,69530.34499520366
463000.0,69013.9119075687
325000.0,88728.57863366877
175000.0,57844.94706218771
950000.0,82418.63900396848
490000.0,73606.2760275974
485000.0,62601.7991234775
360000.0,83235.675526017
625000.0,89040.25626195638
349950.0,77782.45277238573
490000.0,84093.73193366814
230000.0,63891.64251493363
458000.0,62308.28558951287
235000.0,69148.70755493242
525300.0,78554.65542287941
420000.0,58036.58672057702
315000.0,70973.04279874584
637000.0,66196.90880157548
460000.0,98861.98289380482
268000.0,66779.69830828265
311000.0,63245.6704154926
303000.0,68376.45859693387
517500.0,74219.96459798986
260000.0,76956.76011107827
362500.0,70000.13663603782
100000.0,46389.62335248543
335000.0,88992.29006117259
485000.0,65071.650773702146
642000.0,95327.71311591557
710000.0,57252.59890319266
325000.0,51982.89474956914
475000.0,74597.04375934164
216000.0,60490.758696974735
545000.0,65630.79083538431
210000.0,61063.327078455186
752500.0,92021.17729872481
480000.0,85751.38851240886
480000.0,73965.39020808847
510000.0,77724.98532647322
538900.0,99163.69902450465
235000.0,76831.1005208296
370000.0,82014.44652235074
267000.0,79667.00517194488
651000.0,70485.43709349545
237000.0,65220.11907398568
535000.0,73237.52094269203
339950.0,67342.67874873214
543000.0,83516.22773296869
299000.0,49747.19734917588
265000.0,50872.24228752736
215000.0,68963.07932833358
252500.0,67790.44247837286
355000.0,82145.22041824218
658500.0,69076.48304235103
315000.0,68609.08850454137
440000.0,87393.60512941526
320000.0,89142.4666782681
657000.0,73121.27243587778
450000.0,79379.86700618645
500000.0,85133.46147424108
244000.0,64799.81561898698
470000.0,83348.73331528725
749000.0,89539.75724714826
498000.0,70933.06276244874
362000.0,68735.36727014107
475000.0,72384.43657793611
700000.0,92789.32929555213
122000.0,45564.81138892081
489900.0,83682.85946898987
320000.0,60383.21945125812
330000.0,69239.81837939183
250000.0,72713.75625938302
340000.0,70604.62946753892
557800.0,73399.97631871104
512500.0,73685.68333591861
482000.0,86627.41186267734
405000.0,84568.58580257557
500000.0,72868.15923442166
689950.0,89237.30113014793
475226.0,77337.33386125742
567500.0,66271.30635537066
182700.0,65391.00328871708
200500.0,70236.06168587216
875000.0,63923.160473919044
585000.0,67215.58645107289
243500.0,45498.50426944553
330000.0,86189.54032369249
697000.0,88126.49217135823
611000.0,77523.43756278217
533000.0,75671.0231054814
520000.0,58362.366436919285
349900.0,82492.23317411102
285000.0,68812.50701171448
210000.0,49144.413051752694
236000.0,72165.15371133028
690000.0,97044.0904196796
935000.0,69106.46060143385
252000.0,86475.9632223662
425000.0,67769.27518761076
225000.0,61505.340669129495
388000.0,70389.37592317721
475000.0,70262.64468848566
399000.0,77379.44950388794
413000.0,88535.46248579974
540000.0,44267.8532506852
618000.0,57382.18524463139
250275.0,57355.74536167219
300000.0,72088.92766808011
591975.0,90351.49345752968
260250.0,67184.06520631639
499000.0,81711.25310840152
495000.0,61431.189588901805
325000.0,45718.47698948196
687500.0,52820.938750594134
429000.0,75114.13156160398
317500.0,55805.69240361348
674000.0,85355.85319515201
382000.0,52907.66381316072
195000.0,79255.67871659348
423000.0,68819.79604533981
603000.0,71285.1651040421
349500.0,81569.47813428071
540000.0,86440.66792330172
325000.0,81392.20846214678
527700.0,93608.07589967882
338800.0,75967.97173254062
204000.0,57562.37984127684
409124.0,105151.74539926936
650000.0,67954.51410323303
540000.0,56443.958692746826
197500.0,54071.65213169368
243500.0,72834.69443357778
442200.0,74435.84051069469
625000.0,61483.30807359186
750000.0,81178.80155421558
247000.0,75674.74280601554
556000.0,77196.88132676465
524225.0,100306.56913259253
454200.0,88259.6378518221
473975.0,76704.02127664507
221000.0,56911.71111954389
239950.0,64554.087007202295
257000.0,44103.235423398706
775000.0,94562.51903533074
400000.0,63377.29664971185
459000.0,49267.74457222363
515000.0,81129.13977444073
335000.0,65797.2167283546
599950.0,72892.79301468663
490000.0,87374.55600466966
518000.0,75477.3666011554
475000.0,69467.50479913867
260000.0,67335.93548252851
427000.0,79537.92080450951
250000.0,63274.38880736635
450000.0,61339.798510679335
400000.0,55873.569304070435
808000.0,101042.31970942483
248500.0,58731.735251281265
485000.0,68493.76577779648
595000.0,83778.04722290926
405000.0,70311.863244259
915000.0,87331.87370539785
450000.0,80397.33729215122
297000.0,60116.84441518154
380000.0,81398.87434337041
315000.0,46732.20549068363
329000.0,60478.422855566496
255000.0,60242.650040921755
637500.0,77824.18326938686
342000.0,81819.50290220906
322000.0,76797.62297959029
320000.0,57282.54177513573
490000.0,79612.71078565135
387500.0,56121.45457913511
595000.0,61481.48403736504
700000.0,69024.47465178104
475000.0,62480.67592753205
299500.0,61747.84759369075
720000.0,77151.07657446263
230000.0,65576.77574851018
500000.0,78013.27031661372
300000.0,73748.87742777172
320000.0,66065.19838208861
475000.0,70246.38934089264
465000.0,69530.9676331372
335000.0,58747.16279402608
385000.0,83792.54028057322
169000.0,52115.858194282526
305500.0,83196.96761977565
280000.0,50665.63665976468
225000.0,60631.82609063398
348000.0,72290.11993854227
500000.0,66547.74427030755
516000.0,56182.67048152255
290000.0,63089.75632915739
526000.0,70440.49541801396
653000.0,92890.6739696881
490000.0,43736.86002706218
359950.0,94049.38982017626
229950.0,45146.192373659425
550000.0,62446.996708799765
495000.0,73485.36653174831
488000.0,95884.44106116465
525000.0,70211.05911837815
565000.0,85046.3144401768
427500.0,75364.67927018691
555000.0,86254.43994936172
335000.0,80469.59697881516
250000.0,58318.179726353104
727000.0,76616.14875428923
475000.0,66715.04325234333
660000.0,69417.24855179683
432000.0,89984.06902562962
522000.0,58042.65671760776
454000.0,53284.9347296902
523000.0,63797.76215048849
320000.0,68131.78538861044
284000.0,79691.81190058398
500000.0,73692.8142927235
350000.0,75892.48414381477
865000.0,92988.87535488815
170000.0,49986.37673658598
324500.0,69193.87338118236
205000.0,55760.69274398423
385000.0,71635.7285973824
715000.0,93142.60100227896
228000.0,67022.57050213194
499950.0,73412.97514473922
417000.0,73983.25673403962
970000.0,105501.10376922069
540000.0,67538.16488044366
389950.0,70278.82954889073
278226.0,84983.52139756677
440000.0,77762.10774418982
451000.0,72353.21656191692
383000.0,70034.28271866144
213500.0,59778.136563907145
330000.0,70790.53475164069
290000.0,63520.23053698121
392500.0,70077.90697925453
405000.0,62882.60524445883
735000.0,84001.29618516029
282000.0,64371.21876933596
374000.0,53449.00829105683
565000.0,71246.35786930693
551000.0,65817.88615963115
965800.0,80929.5031524366
675000.0,93057.29375499336
195000.0,60073.81916386883
245000.0,75433.41089155732
367950.0,68858.72871284638
840000.0,72779.66057389771
355000.0,59723.91367180066
459500.0,48675.5133554461
618000.0,75333.89940359523
287000.0,83311.84653355644
341000.0,78095.29976774601
294500.0,68428.93950333328
245500.0,50374.72657777249
455000.0,72433.38050735756
230500.0,46823.037893661094
398000.0,65104.75650649509
480000.0,91533.44551868166
399000.0,58291.43875566951
239000.0,61527.05875295833
440000.0,67011.19013233726
515000.0,76555.3144010585
284000.0,65777.69402344039
340000.0,61438.844136338004
394950.0,80041.19309162571
216650.0,69359.40140753095
360500.0,88423.98777280742
680000.0,74650.4882473349
540000.0,81748.80891440337
402000.0,67465.7878036545
317000.0,66277.54676682991
589950.0,79311.16195419125
607000.0,75961.21403451706
287500.0,90649.28712585606
570000.0,72731.66547314687
405000.0,68418.80512866771
286000.0,71005.85015530123
326000.0,69008.85724135456
400000.0,82611.07661939925
185000.0,61774.45410289131
405000.0,73387.30454230576
500000.0,48106.18499279152
226500.0,66820.21127072693
950000.0,69829.15359433362
430760.0,93820.24786096576
410000.0,87496.90608363901
445500.0,49607.27229430932
352000.0,78029.86534491676
426000.0,68389.80252103634
270000.0,85164.16657742503
245000.0,67372.49043306825
450000.0,59764.64601517291
235000.0,66547.427103827
241000.0,58617.464445946986
502000.0,63305.519341976775
385000.0,49580.99083816678
425000.0,69608.65871867225
820000.0,95661.58677087429
430000.0,56187.120986122085
305000.0,84752.03183596308
528000.0,76000.43684395603
440000.0,93627.01285357431
350000.0,94584.30842913075
396000.0,63114.16205945879
487000.0,82726.9965185872
463000.0,52200.42143077722
386000.0,56392.55604607664
399000.0,68965.64808510634
220000.0,64879.19571054957
210000.0,54388.97205809616
329950.0,79254.27092269759
533000.0,88093.55179807395
775000.0,69786.96959766786
428000.0,57797.49674497092
312000.0,71951.41540409547
655500.0,99384.35266182781
233500.0,66349.45522017231
461000.0,80600.88458190646
336750.0,55476.90944574826
365000.0,84672.87692001114
685000.0,91664.1797651319
278500.0,80147.50079492517
269000.0,77342.74038119196
330000.0,82098.3331110145
425000.0,73172.7435223958
527700.0,65181.553311808806
200000.0,56558.422575695724
329000.0,71795.10143368211
842000.0,61422.6261434282
555000.0,75855.48538166293
670000.0,96945.20967423264
468000.0,66272.50962806346
535000.0,80922.0976589015
425000.0,48093.37908934787
441000.0,68387.13320122926
387500.0,53780.47851025145
249500.0,62495.72111257413
318000.0,60770.54927125163
420550.0,64972.83074688435
620000.0,93309.57061170792
689000.0,98462.54493113387
140000.0,43476.48784154013
342000.0,84400.35216575892
580000.0,74198.1766863357
200000.0,52211.7812451367
385100.0,57203.74349411749
400000.0,63889.95285710784
418900.0,66478.38762218063
252000.0,65314.99977868573
250000.0,68011.75290379066
360000.0,71518.7386041169
395000.0,68366.12160919729
205000.0,58562.5544164139
375000.0,69085.3460586361
450000.0,71444.53597700148
425000.0,65817.6792104276
336500.0,72585.99939473017
587000.0,101339.25145632746
497950.0,73615.57347572182
271950.0,67661.20358686568
680000.0,68646.76514695394
200450.0,53687.021669688955
575000.0,58863.808977855195
219950.0,59118.03146989861
215000.0,60492.839117517564
429000.0,59852.344797777165
400000.0,61123.613736305655
459995.0,84696.14686635073
225800.0,63569.40025426693
506000.0,62562.88423326067
380000.0,63015.45934010927
230000.0,59277.01887313623
305000.0,55524.07163084964
410000.0,61546.38963167337
475000.0,76796.18973003895
260000.0,70116.20828980849
554000.0,88984.12678536195
353900.0,82603.43414397787
265000.0,88031.97121276165
310000.0,59026.29813017008
672500.0,93833.97182740024
334000.0,80917.35499290684
342000.0,79641.87826422756
143000.0,50890.10697528354
374950.0,85526.789681351
197400.0,69155.12316990111
450000.0,60294.05504066882
560000.0,56439.020250845366
355000.0,70258.3549658535
750000.0,58938.82254195315
442500.0,93998.61505871678
499950.0,75085.89165200105
459000.0,63618.59090478377
260000.0,51759.70796089333
595000.0,81434.08920839564
215000.0,59997.3663923358
286000.0,44563.937140607115
414500.0,61379.873003151006
228500.0,55541.984662288174
532000.0,79345.61044497184
265000.0,73562.20015805357
515000.0,89479.27805414794
535000.0,64803.34507988016
670000.0,64799.44939707443
235000.0,70760.07063811067
239000.0,68345.60633849193
225000.0,59090.90060392443
257500.0,70090.25180203325
489000.0,49985.00657362702
442500.0,64589.28967216157
299950.0,65995.17291377214
412000.0,85161.6788771534
856000.0,61776.695084414416
425000.0,68009.44451403923
707000.0,96496.3182305842
339950.0,73898.98133236525
315000.0,75896.61086270746
696950.0,80347.75545390218
319990.0,72510.91763375541
442900.0,64157.891024084296
544800.0,102952.49079610655
360000.0,65373.481272223275
534000.0,77736.14688967238
152500.0,68590.26197533924
86500.0,52859.85292745483
153503.0,60885.63733521123
267500.0,59403.40756043288
630000.0,78566.54429288504
352000.0,68513.43018993986
301000.0,64866.07260487202
300000.0,52573.63488965015
615000.0,64182.85493680842
180000.0,70867.66846205715
242000.0,64908.0611639971
368000.0,92421.05847410584
561500.0,65020.73602214779
342000.0,81070.05721295957
310000.0,85234.89259923366
345000.0,50494.39238549388
205000.0,61189.18138724172
152000.0,58054.14737909216
275000.0,65999.8367076153
295000.0,79704.71841033362
452000.0,78984.4460556175
402000.0,89171.56845156153
490000.0,75965.44889695883
307000.0,66078.50547258373
385000.0,73011.24664395866
395000.0,46738.790997954
420000.0,67168.77508264704
550000.0,56623.20048555778
137900.0,55007.663582597204
475000.0,84707.6032542728
490000.0,83617.39540533324
445000.0,56332.68847488966
499000.0,86176.88304380438
620000.0,90355.75913915213
293000.0,65184.50644614012
825000.0,84359.73354405657
299000.0,74363.56372614854
367300.0,93035.024865784
195700.0,62471.21436747173
379000.0,86738.31237993721
925000.0,67809.33341430975
620000.0,92636.15057014175
789500.0,95137.89117304019
529100.0,58952.584676017745
265000.0,66755.32406179394
499950.0,67304.65096887611
605000.0,58275.18284753385
375000.0,67662.85130262557
237500.0,68551.07678043662
392500.0,65299.560578905424
725000.0,71038.789888497
269000.0,63709.25872504925
399950.0,74296.48440676877
335000.0,81926.2258971303
530000.0,64931.41292199827
580000.0,79074.19277475806
240000.0,71368.50357844731
185000.0,72135.6423321768
448000.0,57608.28025375983
750000.0,76048.62125656116
554000.0,69721.92868114336
440000.0,74326.3410973739
294950.0,55040.51653491512
500000.0,73893.41089226751
515000.0,76702.87687320304
419354.0,93822.36500858457
199950.0,49683.552839211596
220000.0,77923.58411340421
337000.0,77042.1669898787
577000.0,67470.4615891091
334000.0,64596.054706565235
740000.0,87799.95381831567
395000.0,64314.187926621424
329500.0,82343.31590771774
580000.0,57722.47678295438
375000.0,65319.01557043899
361500.0,46910.899951496314
827235.0,69628.52939998347
420000.0,71966.02160473814
375000.0,59215.184939637795
435000.0,52053.00574639226
355000.0,61982.34326603837
273000.0,78945.71791760404
432500.0,77954.22100625849
319950.0,73910.17798330996
447000.0,61145.92393196567
248000.0,76769.03718178958
265000.0,69396.2648026754
705000.0,99110.7962911944
902000.0,94316.67911648333
430000.0,48277.180314335455
834950.0,104952.8497888121
250000.0,63953.76135790104
539000.0,55872.21455907425
646800.0,78548.40120929785
666500.0,94936.46406019415
249950.0,73594.47807265763
396800.0,85669.66149206247
450000.0,61992.28203783174
460000.0,62602.346129263715
820000.0,101322.95066359351
235000.0,51430.665322947025
312500.0,50190.764298639406
451000.0,68670.7909490107
207200.0,64043.305799222624
560000.0,71094.816597267
235000.0,57116.288026630755
425000.0,82844.03401295724
153000.0,61307.56741595418
552500.0,88913.21981874268
457000.0,62485.45115492535
808000.0,101583.71929104361
350000.0,67457.17319844922
905000.0,91396.52708744087
397000.0,91361.69913568936
423000.0,81562.8891834369
455000.0,53238.53418157685
405000.0,68718.72763321506
360000.0,62995.048573593456
420000.0,87160.18778649677
410000.0,58546.6282207472
800000.0,72832.82769669972
620000.0,84600.22940838189
415000.0,64261.28741382484
547500.0,80196.63685120762
480000.0,84599.64172852182
290000.0,57065.739206963655
229900.0,62375.523984056985
551000.0,88601.05350803828
218000.0,56627.834162038635
440000.0,48450.64459302526
369000.0,56941.95228529414
965000.0,105752.96002569163
569000.0,85248.42581774588
425000.0,49384.96382966386
489950.0,77308.26058565835
221000.0,64582.314549561255
540000.0,88492.85517034444
799000.0,84539.4606940895
329995.0,83137.92042596803
345000.0,70982.52012282898
575000.0,65810.6798822656
347000.0,90736.60365281765
419000.0,73657.88078707112
705000.0,80042.53195503373
900000.0,86829.36574830704
560000.0,60269.567765518004
390000.0,60946.14935159529
524000.0,93934.73035091207
215000.0,80327.82584084103
257000.0,71753.17928945013
420000.0,85936.67746641274
399500.0,66810.46859330876
549000.0,70382.8199303053
570000.0,58611.15274154843
195000.0,64181.01695156676
712000.0,62054.14679455153
574950.0,106460.43166562094
860000.0,95986.54274892964
525000.0,86338.15627358254
499000.0,61696.601469634115
780000.0,92624.24061648766
290000.0,45677.9941980024
235000.0,54147.11144194107
265000.0,56774.92854745044
457000.0,61023.1880651807
310000.0,88319.56601458955
539900.0,70213.34483599267
362000.0,94826.24628850649
389000.0,73211.88441993654
825000.0,93914.40638123127
476000.0,66833.16607456942
430000.0,72947.57079755978
634950.0,79130.01906005033
338500.0,54875.64556764068
160797.0,59880.7076958219
835000.0,95575.83813489432
410000.0,57587.90553834992
875000.0,76707.79010234863
460000.0,70487.74716704665
380000.0,54220.21400871403
180000.0,71868.81802123858
150000.0,42786.53520465702
335000.0,83698.22789383326
170000.0,74039.13655949594
349900.0,57105.58845597422
352000.0,56095.72911889269
180000.0,50076.989735418974
528000.0,64250.978999620595
452500.0,84717.00287736714
375000.0,66552.85582069114
587100.0,74271.5381323788
350000.0,74056.9994959207
540000.0,66265.09298034356
695000.0,92628.72959625674
475200.0,71856.98499084078
433500.0,58296.492949046544
320000.0,86636.35822427014
200000.0,62872.28041915488
782000.0,74224.33631380211
418000.0,88687.40563728384
550000.0,71435.03257711738
630000.0,75021.30597732784
315000.0,77419.75051118957
273000.0,52473.16145962133
501000.0,83124.44443236015
595000.0,75731.47591896896
420000.0,72332.29834558308
544500.0,67998.05323425523
325000.0,44762.587135518756
375000.0,73829.85997250534
194250.0,69965.0200130787
481000.0,85036.22018691883
394999.0,64121.004205687204
825000.0,91009.69907998867
361280.0,53346.10303193085
660000.0,82401.42842835639
360000.0,66708.46319996723
450500.0,63515.28057026228
445000.0,69467.12839345245
310000.0,73055.62996362103
225000.0,62292.723112499174
250000.0,75318.36240282984
220000.0,62664.74888933333
551000.0,85069.39191488686
555000.0,72139.76956497485
375000.0,93381.68149053524
877500.0,90965.31389579899
258750.0,70705.01054036542
313000.0,64371.87147268365
375000.0,60444.39128691716
315000.0,76509.82586726347
760000.0,65253.75633135917
330000.0,69645.10109074294
380000.0,73584.81145443206
650000.0,78756.7326506211
266000.0,52250.32929050874
242050.0,72524.47772932828
680000.0,81163.58551967694
625000.0,63818.32382978269
268000.0,70344.51845759965
499000.0,70580.52236526762
495000.0,71424.25746009202
345000.0,67662.48618709709
693000.0,93575.08385341469
341000.0,46201.74946494473
325000.0,72781.11934672525
339000.0,78813.31876799528
541900.0,73905.6766248464
305000.0,72280.72337587488
560000.0,79834.79755197726
246000.0,70108.51557577685
420000.0,84956.24649669147
515500.0,94389.05242120838
421500.0,95696.6832990203
281000.0,63400.622878542345
840000.0,97146.95663437582
311000.0,76847.13398623528
389990.0,84343.36155679158
494000.0,80345.49523623998
646000.0,80290.20604312787
400000.0,61865.38959493813
475000.0,65626.72054153997
174950.0,57756.41455188235
472217.0,70439.7622254485
489000.0,62075.35180157166
315000.0,85086.09479158414
425000.0,95261.60504210455
352499.0,55429.5967419911
160134.0,62416.00943337679
745000.0,89041.58460324249
549500.0,74444.09674798363
480000.0,67737.5201783977
379000.0,74554.81647556412
309000.0,61409.491916916915
566000.0,76996.834674884
641200.0,59808.76678936322
253000.0,63541.35974324992
756000.0,99999.51715072531
299880.0,66093.20077354845
809000.0,90631.0880171312
277000.0,73164.91206336828
500000.0,72936.70406987889
413800.0,63903.108277525986
322500.0,88998.4194553615
925000.0,71635.123088105
243000.0,51643.62626150514
600000.0,66922.33593775834
425000.0,51013.32854471616
775000.0,80668.26732499182
314000.0,70934.1238031387
501000.0,70541.67388636532
635000.0,74180.75265288877
518500.0,82460.87639181835
500000.0,88573.48463246523
359000.0,87319.0382260656
320000.0,64417.380941235526
635000.0,66852.62578759491
725000.0,73927.26349511668
650000.0,63858.77784732132
545000.0,59863.45754285771
335000.0,92560.78640338262
358000.0,63764.46997506918
275000.0,70336.7375121126
370000.0,58763.071443357156
410000.0,56044.8541257241
675000.0,92099.27170489059
737000.0,70575.48817728503
315000.0,66916.67762517421
430000.0,72522.60214585744
419000.0,83334.90017208409
435000.0,75057.63792222049
650000.0,71807.12533487251
800000.0,101176.79555588518
270950.0,46065.92988915589
203000.0,60362.85291926225
731000.0,96800.68588229438
245000.0,57283.227570414114
950000.0,91610.38231587465
520000.0,63746.12619090334
325000.0,55683.96761454555
290000.0,70977.60839333007
307550.0,84213.89749947737
189950.0,55766.50547802761
485000.0,92142.20437503286
425000.0,76874.19376749595
530000.0,67814.08675244579
1007500.0,97995.31207275989
279000.0,70824.02509344339
252000.0,68891.53364465541
309000.0,73718.60338416544
375000.0,71912.12080648591
385000.0,88552.20061762037
399963.0,84524.61398512946
575000.0,63261.326112255
450000.0,48669.99318542911
560000.0,83513.55828086774
220000.0,63593.88189760985
395000.0,75501.3290114134
265000.0,67184.12502904578
482000.0,76062.75922869096
150000.0,60696.991859694106
500000.0,67273.72330640757
314950.0,72205.42342004023
461000.0,76008.64475936901
359950.0,50154.64365800745
236500.0,62798.28799935596
402000.0,71554.75289577803
356000.0,48420.02865362746
759900.0,91560.68277739553
267000.0,66046.06556892736
322000.0,75880.19934665368
425000.0,54109.74190609563
705000.0,96646.92724071597
400000.0,65924.827103188
605000.0,72742.40109347973
436000.0,74941.50791332021
401000.0,58011.808050516134
339100.0,89031.13950923919
360000.0,85267.34558570325
540000.0,97915.7624030506
400000.0,76996.59921980547
645000.0,73810.83719385765
635000.0,91074.55912019369
630000.0,84588.56919595899
325000.0,52272.7151581703
465000.0,50964.06279635671
625000.0,79504.54061767345
430000.0,80045.78331764313
480000.0,79059.9023115152
702000.0,77077.08020326463
245000.0,73790.78885874953
650000.0,86441.91200545107
445000.0,70457.74972274144
278000.0,51059.66415179302
277500.0,79601.63432049543
475580.0,73082.22244101588
250000.0,60667.63569254172
528000.0,64937.26613672459
344950.0,60239.5240972685
148000.0,41258.95604859344
188000.0,58705.61266318083
490000.0,102724.50033031564
718500.0,66439.4035503276
225000.0,63097.8737085881
340000.0,66390.95883923103
323000.0,74561.29060342413
265000.0,59914.06444504316
140000.0,57116.288026630755
360000.0,92301.52012410344
432000.0,64543.22642046489
450000.0,48189.25764828909
190500.0,60354.963704347596
165000.0,64587.441335881
726888.0,104596.27664099312
340000.0,86852.71516505515
459950.0,96241.75029054732
422500.0,46885.287815109936
460000.0,67731.64096075116
221347.0,57102.209073609716
249950.0,61281.31844987283
549000.0,67571.96870728768
300000.0,51428.100612315975
640000.0,92123.81438574842
613000.0,81467.81116619948
650000.0,91089.15813293608
317500.0,79458.6443829537
915000.0,92930.89445690243
245000.0,43754.743724709384
309000.0,56361.93164221161
677915.0,64941.13509370654
317000.0,52984.47176609399
484259.0,90200.7822393477
352000.0,55764.58715669513
605000.0,73888.40307839398
365000.0,51965.189978532806
357500.0,70294.69959014698
269000.0,61286.60826211663
405000.0,65830.92924063714
652450.0,85949.75112405799
265000.0,73628.3923773678
242500.0,66441.72091168551
280000.0,62352.23046515665
708000.0,102748.05138494514
380000.0,71715.00316737124
540000.0,92679.99694086412
385000.0,80753.39082661245
440000.0,64950.52503926304
715000.0,98800.75884157945
189900.0,51200.079729460645
549950.0,50104.60101883083
349950.0,57676.171224548285
389700.0,69274.58688926027
490000.0,82694.27883287815
599950.0,96779.30502225031
695000.0,95860.53204110797
464000.0,68351.95615169978
245000.0,52834.40731340345
300000.0,84399.9910623421
230000.0,62642.39971209441
500000.0,70086.79916103058
305000.0,85230.46939764175
240000.0,64673.94702987271
799900.0,92698.85698160192
560000.0,69675.09770751506
630000.0,93511.50800350893
495000.0,61175.265432872235
848000.0,74880.60272185516
385000.0,84994.76193744685
384000.0,107069.29912835616
285000.0,80240.40692702355
357000.0,72593.31817955681
407500.0,71697.08622084637
395825.0,64547.53950575844
440000.0,80420.3951851668
280000.0,69610.55907540448
349900.0,88337.52997897749
597500.0,79092.1421147144
249000.0,74762.22855692424
550000.0,67576.06536701284
565000.0,57831.99218595095
391000.0,47081.44943792367
628000.0,69574.9580999742
163000.0,57612.8832819311
296000.0,71921.36617425646
407000.0,74625.22103903024
246000.0,66234.47959091474
299950.0,67563.28475696841
349950.0,78703.75525584575
475000.0,71223.31364053334
440000.0,65717.67033268351
320000.0,71291.65764568953
299000.0,55989.722359341526
556000.0,63025.85386787537
385000.0,52782.31646503019
735000.0,72774.38237313002
415000.0,53327.76734371567
315000.0,68471.62897668319
479990.0,70686.8863655193
302000.0,82532.0680708112
310000.0,65307.45407715746
508000.0,70998.56187836343
311000.0,67622.40285908397
441000.0,43666.54400926358
860000.0,87295.2064500484
900000.0,52937.782436447684
812000.0,98532.66229029067
225000.0,63481.88211549119
710000.0,57070.33371030726
485000.0,61516.56468240052
825000.0,100586.9467241356
239000.0,71957.67808656924
470000.0,79830.01777355155
212000.0,59241.05046808487
465000.0,74962.24750520739
355000.0,62470.76202189614
342000.0,67281.53769961209
600000.0,72236.18963164825
233000.0,62272.709797121555
355000.0,69473.39381535436
492000.0,46087.4822475354
275000.0,64901.44242873315
475000.0,58289.43220785113
712500.0,79787.17137950196
200000.0,67267.93466121308
1015000.0,90092.99449539163
345000.0,71596.22789202264
635000.0,90613.38607456129
295000.0,88762.25022441549
459800.0,72831.52099434094
320000.0,53425.47239559196
450000.0,72756.25087004097
600000.0,85534.8623175303
175000.0,45104.846046222796
460000.0,65825.33735159406
460000.0,73253.856811095
600000.0,105966.31735790972
400000.0,79310.13433678713
730000.0,94468.12321126404
319950.0,50855.16037567044
500000.0,83645.35200264984
360000.0,73501.31888650917
269000.0,67007.67196036997
267500.0,65321.41730265961
551500.0,99086.86890930915
626500.0,63332.994738274465
260000.0,79168.5046652368
330000.0,77567.38466870281
520000.0,88954.73466273109
465000.0,45865.96647029082
670000.0,89725.6578386323
235000.0,45206.74104026907
369950.0,61665.96642806243
345000.0,93527.70718049025
219000.0,64399.92941637103
294000.0,84149.92237005397
330000.0,82838.0541762617
310000.0,60209.538410883215
250000.0,62666.22042397635
342000.0,52371.099457139804
220000.0,66766.5940552666
230000.0,55073.777712293944
230000.0,72220.96061456308
379500.0,61324.73514857085
775000.0,90705.84251610326
475000.0,60251.648328083014
502775.0,76864.28830065671
300000.0,60163.85269749262
475000.0,102988.05652053669
331500.0,83656.49338833493
285000.0,57883.70436671838
323000.0,74258.57921897086
656000.0,73393.11881467648
801501.0,101091.16269430815
462600.0,75542.62136888751
534950.0,102622.93015184208
221900.0,55561.11309468908
585000.0,92775.70550968041
520000.0,53379.48810225404
400000.0,59456.5607438692
261000.0,72922.58193954646
898888.0,79857.33877409156
206000.0,64823.603917111825
674000.0,77914.30621496032
765000.0,77159.79831191718
720000.0,104550.6757947767
719000.0,78983.52581592793
485000.0,66909.69415303807
262500.0,66823.31885682984
445000.0,81862.169125821
485000.0,75988.79686238544
691100.0,89994.56229705153
726000.0,71077.33503089208
499950.0,61208.06933083482
334000.0,69647.35827007036
431000.0,70557.63021478444
296000.0,55142.830261554016
250000.0,74261.87231389373
321000.0,62966.75793855534
782500.0,95093.89264358675
680000.0,85959.20620662917
292500.0,70912.78561985402
500000.0,79674.17100452079
344900.0,72485.09401651545
290000.0,62013.65762628513
240000.0,78335.27100348232
509000.0,65143.723846368506
685000.0,79620.97907803458
525000.0,86619.6578498705
417838.0,86483.53506664696
194900.0,49196.52228458974
345000.0,77712.64522177182
235000.0,70400.50494084167
220000.0,76467.70262242154
400000.0,78665.43678100876
499950.0,79707.7439455643
310000.0,90953.60993478796
183000.0,53886.592793349075
265000.0,65444.06697425514
480000.0,88635.93172970423
610000.0,75654.13320904103
373500.0,46316.91030809408
230000.0,66740.57061927667
250000.0,62544.040756645314
840000.0,93300.10869016452
317000.0,74347.09510753615
464950.0,75266.4220485726
585000.0,58606.96466934282
285000.0,90842.13550376582
435000.0,93380.98705744193
312000.0,68489.84488768535
726000.0,107436.23388046515
543000.0,86836.70331950075
345000.0,67964.66465189071
119900.0,44406.73413589872
750000.0,85412.39929783752
315000.0,66282.37318970668
248000.0,63299.17960175853
750000.0,100621.02989010014
350000.0,87773.2096642694
440000.0,76768.16742526327
245000.0,71137.73386117377
400000.0,55549.597993618154
440000.0,86983.41511070503
560000.0,92168.45924979716
950968.0,102228.55181077613
375000.0,70949.47205087314
260000.0,104579.40199108476
190848.0,64163.294835712855
375000.0,64150.95125372021
265000.0,64887.80413693932
244000.0,71679.10095455582
316000.0,69371.91291460313
349990.0,83738.52178882441
440000.0,81016.87286154318
324000.0,79603.39935156945
325000.0,78387.76237418463
338000.0,76207.79800178146
260000.0,63180.09867483136
430000.0,78244.46915649172
452000.0,69444.48280962674
485000.0,69825.0610083819
871000.0,81102.92741803097
420000.0,75414.76328763622
790000.0,89624.86372035292
475000.0,63640.57264155415
320000.0,76186.55425083419
285000.0,65494.11954952702
600000.0,96013.11434309967
399900.0,58034.82972436027
299000.0,69497.0806325505
672000.0,62642.10134400624
648000.0,97857.8589880603
289500.0,54326.43310601633
205000.0,66285.54306599326
625000.0,96839.96341258445
375000.0,76737.09156758511
525000.0,54043.274163376496
359999.0,96772.56463102842
465000.0,78366.33312920186
419950.0,56930.97639709777
475000.0,90930.67263397356
499950.0,58036.18000279603
399000.0,67038.90247687447
674000.0,77471.86504324205
215000.0,68172.75912887458
419625.0,100185.90747767313
499950.0,88632.12884897519
625000.0,74145.0137246867
348000.0,56565.63391096262
335000.0,57644.12555670428
435000.0,67739.75253283192
475000.0,46665.95711441846
140000.0,68099.79437105803
510000.0,74058.28099811848
352500.0,60644.29494365466
300000.0,62997.71931202834
532000.0,60417.134524106106
455000.0,77938.02195684602
355000.0,73487.0240385706
553000.0,97699.35129626293
450000.0,85626.19287537097
675000.0,89821.74099470458
561000.0,88943.79218959459
800000.0,99003.55994113896
320000.0,52246.89945293832
450000.0,70844.6472040927
335000.0,77950.71294689894
497000.0,82013.78556934919
274900.0,71390.56280501425
446000.0,68991.17802975795
169000.0,63806.56954633438
260000.0,59750.49131739599
690000.0,75570.20435565455
270000.0,78594.56306514899
525000.0,95826.5086876339
510250.0,56904.39242869709
290700.0,74302.77244429087
705000.0,83448.87628293828
253000.0,58397.20686846783
450000.0,91244.7081129394
354900.0,74781.47339089739
359999.0,91903.68980814883
920000.0,73973.23470377043
230000.0,72944.11126137897
203000.0,66597.04046889619
325000.0,75063.09649400285
317000.0,65952.25025678815
625000.0,54177.809041319895
325000.0,84867.48162284658
310000.0,66296.911975584
235000.0,56179.99547162599
352000.0,87655.20566415231
588000.0,68431.6224036029
925000.0,89940.51367939907
760000.0,84061.06908996378
524500.0,63655.34849215172
549000.0,82419.89040969557
240000.0,51397.37625582574
282000.0,78980.97725880181
160000.0,43767.02479598809
719000.0,91774.47978927477
550000.0,84824.71323950526
744000.0,85424.81485948907
595000.0,71052.9614440069
517500.0,73243.82788054078
750000.0,79970.67784035404
530000.0,89942.1282522213
410000.0,64918.3817885219
380000.0,80007.26201458603
554663.0,66086.11982425587
345500.0,87234.0715979307
336900.0,69022.1591988127
264000.0,72752.05428876277
375000.0,63179.23423543984
300000.0,92290.57300503255
625000.0,70330.49617773757
589999.0,76307.75778138012
687000.0,97808.04727724609
300000.0,58981.58497040278
780500.0,77746.28791761777
739000.0,82946.1946222232
350000.0,66537.76051845776
465000.0,61921.59359275774
488250.0,76067.26222965233
264900.0,73320.69452519051
910000.0,90092.99449539163
250000.0,62820.014905273456
830200.0,80997.48656534954
405000.0,60921.453167803105
831000.0,85552.85372013015
716000.0,81288.8016218705
575000.0,86602.57989750526
460000.0,74291.93630584712
390000.0,67151.77088171346
492450.0,67729.95509264585
540000.0,56906.3315669313
264500.0,70071.46148809962
279950.0,64160.2215563167
960000.0,104114.34517942423
355500.0,83808.70067877804
402500.0,62122.66616396041
270000.0,74736.38339443007
531000.0,87823.39928816317
220000.0,52679.07035797432
525000.0,66047.19334221781
704300.0,74662.84717119287
450000.0,62868.34571089214
372000.0,85509.15517041297
771000.0,72929.4904412179
475000.0,62852.42564431139
322000.0,60846.730057864566
375000.0,71099.89046843754
385000.0,43602.31825877927
436952.0,90971.7004188415
330000.0,59366.51849557979
678000.0,76583.29342155911
240000.0,80821.84449886206
331500.0,78533.22582408453
505000.0,71287.41140639542
550000.0,51851.008104346496
315000.0,45030.7901613442
569000.0,81626.83374838551
159100.0,46213.8203584046
340000.0,63574.846807938586
224000.0,64382.75436125811
344200.0,88190.52832296156
267000.0,64389.41049243917
373000.0,62943.73309685128
856000.0,79043.64005700412
300000.0,67429.59415592355
380000.0,65974.14333071766
725000.0,58237.68646513086
542525.0,88703.6433346421
759000.0,71107.02614521547
305000.0,56747.48002231881
195000.0,52672.16854162195
485000.0,74637.67433361169
230000.0,64809.22065656159
338000.0,82885.12601465601
469950.0,76586.20554524974
612500.0,96036.51991758373
385000.0,68524.73339355958
340500.0,66745.76786230365
310000.0,53699.944153689896
361000.0,61304.518510073045
275000.0,59971.49329553971
420000.0,78117.57340335114
675000.0,89109.92710804693
359000.0,73758.22162406018
475000.0,94413.45047973817
339000.0,47216.13789995787
249000.0,78611.8689606298
984000.0,99494.2681637008
772000.0,73492.40590875811
557500.0,92078.41531574303
250000.0,65218.798466058244
570000.0,71710.27636653883
300000.0,56215.322796853856
234000.0,68559.12985720861
685650.0,85457.8746163178
734000.0,74245.06903270961
638000.0,81801.28024589221
166000.0,51543.056615907575
271000.0,73825.94356865529
273000.0,81579.30795128673
572000.0,81840.90686669588
715000.0,70028.72523796673
320000.0,63224.466860663015
335000.0,68021.89268084879
142500.0,65393.3319921464
375000.0,79189.05241680992
515000.0,49379.59652429428
223000.0,64773.74282566394
245000.0,71930.85019234128
294400.0,83138.77205460989
265000.0,55670.42672512318
249900.0,66837.5065274797
530000.0,66945.18698217746
580000.0,68843.19529404974
570000.0,64710.22281715061
699000.0,88208.91805035918
600000.0,58615.81210168734
289950.0,47365.86375439626
450000.0,70019.23273552279
292050.0,87322.38174364936
380000.0,64136.287453167584
725000.0,78859.09467089902
529000.0,68311.92837260943
260000.0,72121.66727098014
610000.0,96172.16247909117
265000.0,66827.73940991951
436000.0,65720.91815234814
390000.0,78547.16431400934
516130.0,72046.55990860621
312000.0,68066.97370361448
199990.0,54319.70843826155
200000.0,83546.10124247085
620000.0,67347.84646819484
275000.0,81224.61478305003
480000.0,39049.57522907191
250000.0,71000.20853446385
334000.0,75604.79657518302
207500.0,70217.36477318984
272000.0,81174.108709606
700000.0,76709.56280998208
349950.0,83954.80110829211
124740.0,64480.0999782685
450000.0,59047.43093142133
229000.0,57233.851765017054
675750.0,95061.73068788374
698000.0,87844.78865044587
160000.0,52164.48755917739
292000.0,63683.70342056609
461100.0,59622.23680271271
599380.0,66710.96832136952
309950.0,63820.720575094936
375000.0,64247.97598300719
347000.0,62240.09850614273
220000.0,70504.08012436863
599000.0,82826.04778870742
460000.0,81195.03201600903
260000.0,49734.57318413308
490000.0,55753.52052770776
440000.0,62333.35419877891
640000.0,89141.56409009128
512000.0,90704.82789272719
325000.0,68080.45651790552
287000.0,72909.00244837227
650000.0,73009.74518968147
218250.0,56843.38023028779
820000.0,95774.83749993151
183500.0,55934.834422101805
298950.0,87645.27206369965
469775.0,58618.868761914055
600000.0,79038.59358467507
378000.0,69332.13361109639
470000.0,92418.35175094294
938000.0,92521.05444760143
363500.0,79959.79770947325
300000.0,59255.20333708771
320000.0,57804.63190258338
224400.0,59950.81774466844
386000.0,81828.36414339958
798750.0,73239.0679096255
230000.0,47133.85012500627
179900.0,45853.25605946106
425000.0,77122.58347592087
675000.0,64280.619888576366
367500.0,96387.92199632945
785000.0,98634.96871846583
289950.0,75300.65990950962
645000.0,83787.80150021664
300000.0,74630.0682399227
374500.0,66271.91063394866
750000.0,72391.63354272419
342000.0,69237.33506146769
256000.0,77119.2375711703
749950.0,93736.37610887663
423000.0,87772.31564559313
472000.0,82809.19621133062
235000.0,50938.639995565725
375000.0,86186.21516343512
262500.0,67768.7994256806
218000.0,60639.014280103846
239950.0,63130.06281360848
575000.0,73716.10644717509
822500.0,93075.87744815354
263000.0,67192.73753758578
270000.0,64634.74327819381
251000.0,71445.18607503924
357562.0,56826.30569030723
442000.0,62926.67544971882
735000.0,90794.50031840979
418500.0,73687.07437752717
193000.0,62124.76754385762
194000.0,50639.630609679196
339888.0,64563.29709705469
545000.0,75014.19879462171
274800.0,64524.0242278186
590000.0,94574.36339945052
263500.0,58222.348627028994
889950.0,99012.2550018211
418500.0,45774.43921571934
270000.0,67439.01044753287
307000.0,49387.813397485545
299950.0,82305.44768566186
315000.0,58928.86740889144
198000.0,60417.82653591398
499000.0,61355.891894878114
340000.0,92576.04270436954
355000.0,59194.46493340471
535000.0,73472.22710376172
389000.0,72361.35891861637
700000.0,61008.49252336041
490000.0,85873.06564028622
912000.0,87373.87739722973
487600.0,92880.54068570638
592500.0,84364.46490055852
463000.0,68163.16081099006
550000.0,72324.24745311265
345000.0,50990.22320584474
344000.0,64103.56286407242
380000.0,67316.63265886238
476000.0,63650.062341860925
540500.0,104259.71411552044
362500.0,80220.0239347511
239975.0,66608.74398442339
230000.0,70115.12910908833
533250.0,79525.82906180694
600000.0,89378.3396799218
584000.0,66859.98879369072
410000.0,72402.84996220224
585000.0,59209.819703996254
739000.0,99282.20620369609
247500.0,72497.43910063998
270000.0,69861.42790817296
530000.0,68133.78484598556
957000.0,87893.71772125503
814842.0,96869.88898331416
403504.0,57881.885746876855
149000.0,47483.8880846105
812500.0,94637.4645797082
335000.0,72003.08423415298
475000.0,58012.423948501484
340000.0,61852.3256363206
560000.0,66309.92696215861
499000.0,57890.00706190556
321500.0,82344.19906018855
403000.0,63390.62743791655
813000.0,77161.65985330264
230000.0,46256.42246556704
213000.0,69867.71504026269
760000.0,82721.54154476334
118125.0,48286.22743880227
489950.0,62297.13972081752
953007.0,94007.49074750516
378950.0,93804.5681188194
428000.0,68791.89838705926
255000.0,74973.13292805158
351000.0,61515.76821857585
600000.0,109080.11915395109
130000.0,49477.75096276884
271900.0,74039.0595737377
261950.0,73850.3415424341
426000.0,68558.10620403664
153000.0,55382.43536251271
746000.0,81113.54196737996
645000.0,74759.11444806334
460000.0,68274.18285688355
570000.0,78468.58549509627
267000.0,52528.2148371324
230000.0,47609.8315156888
924000.0,104957.34039025841
358000.0,75338.50942653298
259000.0,78895.1291588541
225000.0,65016.68719621355
310000.0,87010.71245975266
579000.0,60254.31499249379
559500.0,83556.4100911637
324950.0,75964.59826234417
410000.0,58699.98116633139
542500.0,83118.72096686807
615000.0,77071.75388480042
678000.0,95594.8640374713
150000.0,59913.79645912601
585000.0,70597.37793263023
332000.0,82729.97679247582
525000.0,69310.28935427059
300000.0,78587.18948640607
216000.0,52145.56588470198
946000.0,94060.57637359924
413000.0,86042.63433712587
716528.0,63379.287685552044
592500.0,65099.202729773606
450000.0,77339.67669219672
365650.0,89761.03468733854
177000.0,65251.86879523506
199950.0,63388.47390252349
375000.0,65002.66216161031
457500.0,72078.30352521595
276900.0,72542.6732920195
309000.0,52846.69219332576
677500.0,74821.54163693637
190000.0,57792.69240673565
365000.0,86309.63006539675
729000.0,89028.87584279737
190000.0,76323.90269286901
431000.0,77428.2479929134
978000.0,73377.8413535163
265000.0,73008.69686664484
465000.0,69944.71150324402
350000.0,73206.62254915258
215000.0,62602.43498966316
328000.0,65139.945023848384
239950.0,76629.01241445425
388000.0,68669.06621097581
360000.0,70418.22805119364
425000.0,63055.65134511228
619400.0,77249.32972287283
349000.0,70881.51463842043
324950.0,55942.58388799209
790000.0,72377.84497306444
290000.0,86899.41560416998
245000.0,53220.46971479561
319000.0,50346.43621277212
440000.0,83264.65090442961
399950.0,91675.63823907293
183750.0,67875.10294589848
750000.0,94849.04796566104
248000.0,58816.552206917695
772000.0,80592.70607076788
295000.0,61432.08922432047
275000.0,62072.073003052654
312500.0,72132.23488430935
355000.0,88968.02893138558
895000.0,93934.00192252794
760000.0,81228.43772657996
255000.0,76220.31299315245
349000.0,70927.32338522459
490000.0,73383.35956780206
405000.0,65491.496636214615
525000.0,84907.1631515896
326000.0,58698.286569178345
310000.0,82483.98502770087
250000.0,63103.48736328095
530000.0,94916.7911445115
288790.0,70215.18769816328
260000.0,67447.0451305134
340000.0,70288.83595280112
370000.0,82576.25155557787
625000.0,69331.5924707551
245000.0,50142.566981869946
349000.0,71558.3500382491
302000.0,78462.83212283859
435000.0,52413.587758870046
390000.0,67601.18889171298
90000.0,44524.90450766318
387000.0,78168.0818991522
400000.0,90724.92169155198
210000.0,60697.951140612306
550000.0,62343.125584655936
470101.0,85991.27464574366
583000.0,83188.70893775769
490000.0,88873.16300980595
310000.0,77255.44709324538
409950.0,45895.558119616995
353000.0,56668.63244976531
590000.0,57018.712443140874
275000.0,78440.82549523885
585000.0,85800.52171129969
677000.0,75877.80769310333
469000.0,61571.39371953285
420000.0,64467.185661619755
549000.0,70970.34083981215
315000.0,58815.61493680363
350000.0,58477.632817393904
378000.0,82332.30368732271
435000.0,48493.86269347652
549995.0,91949.14412689909
537500.0,83636.59465484829
501000.0,62168.26376520688
435000.0,66676.47976410636
227500.0,64965.96325920928
217000.0,59564.9503169097
200000.0,72644.4638132157
359800.0,84083.62514409884
546000.0,79453.59005121805
490000.0,67199.18501258231
246500.0,66407.97745500534
760000.0,85035.72417253269
286000.0,57019.57924112675
470000.0,52726.70450119358
289950.0,67730.26746251184
655000.0,90094.51028704527
265000.0,68108.14075112378
715000.0,81287.79800393972
172000.0,60636.830215071415
210000.0,53065.24532729373
599950.0,77670.33842177936
358000.0,51956.90960267572
750000.0,93262.80763728486
220000.0,78799.16664278321
294000.0,83256.05401439416
299500.0,71969.68697262165
631000.0,77202.96669708009
550000.0,52778.67414584206
567500.0,75907.33473531694
318000.0,78967.3360203655
625000.0,84478.72584344062
1003000.0,84324.51640015538
380950.0,53752.828905480266
203000.0,68361.62503382165
480000.0,63549.43814486472
507000.0,79829.530495582
484000.0,55817.04418590981
650000.0,69893.93531147407
275000.0,93186.8807917428
189000.0,61323.71008729811
498688.0,76055.09209020954
602000.0,95413.9582321039
246950.0,70418.09124277672
415000.0,83996.97902173654
355000.0,63240.42633076379
386500.0,58214.969156708496
245000.0,65838.90972707796
716500.0,98284.64040476704
548000.0,77328.99958181841
289000.0,82473.2545843238
393000.0,88505.63137880113
855000.0,104686.14988137814
210000.0,58680.26299047007
800000.0,59414.47679666692
375000.0,57833.3886989071
169000.0,55138.524208908726
249000.0,69921.47209080684
339950.0,79113.2026707149
756000.0,86242.03868999277
480000.0,47370.07033614412
305000.0,54010.20995538622
550000.0,72002.64704387778
375000.0,80425.66538877299
402000.0,76424.96095410304
425000.0,67690.97939297045
540000.0,71600.47862836755
655000.0,85736.38054654689
318989.0,83848.37876672881
