y_true,y_pred
233000.0,1410.165029922248
199000.0,1410.1650299222292
310000.0,1410.1650299223024
255000.0,1410.1650299223036
250000.0,1410.165029922292
399950.0,1410.165029922304
446000.0,1410.165029922298
738500.0,1410.165029922303
565000.0,1410.165029922304
290000.0,1410.1650299223036
275000.0,1410.165029922292
859000.0,1410.165029922304
515000.0,1410.165029922296
99000.0,1410.1650299178855
340000.0,1410.1650299223036
199988.0,1410.165029920648
390000.0,1410.165029922304
379000.0,1410.1650299222983
731688.0,1410.165029922304
452500.0,1410.165029922304
455000.0,1410.165029922304
400000.0,1410.1650299179246
535950.0,1410.165029922304
1000000.0,1410.1650299223038
192000.0,1410.1650299222736
428000.0,1410.1650299221774
525000.0,1410.165029922304
397000.0,1410.1650299223033
680000.0,1410.165029922304
399950.0,1410.1650299218434
303000.0,1410.165029922298
401750.0,1410.1650299214455
671500.0,1410.165029922304
465000.0,1410.1650299223027
280000.0,1410.1650299223031
222000.0,1410.165029921979
479950.0,1410.1650299223033
445000.0,1410.1650299223018
300000.0,1410.165029922304
309500.0,1410.1650299222447
520000.0,1410.165029922304
274500.0,1410.1650299223038
314000.0,1410.165029922304
419900.0,1410.1650299222804
445700.0,1410.1650299222943
225000.0,1410.1650299223033
395000.0,1410.165029922304
500000.0,1410.1650299222838
350000.0,1410.1650299118025
300000.0,1410.1650299223031
492000.0,1410.165029922304
630000.0,1410.1650299223033
207000.0,1410.1650299222708
525000.0,1410.165029922304
855000.0,1410.165029922304
596500.0,1410.165029922304
715000.0,1410.1650299223027
224500.0,1410.1650299223002
530000.0,1410.1650299223024
555000.0,1410.165029922304
571500.0,1410.1650299222897
495000.0,1410.165029922288
577500.0,1410.165029922304
467500.0,1410.165029922304
700000.0,1410.165029922304
204000.0,1410.165029922246
250000.0,1410.165029922304
827500.0,1410.165029922304
500007.0,1410.165029922231
399000.0,1410.1650299106554
525000.0,1410.1650299223033
588000.0,1410.165029922304
269950.0,1410.165029922304
415000.0,1410.1650299208452
550000.0,1410.1650299223036
255000.0,1410.1650299222997
301500.0,1410.1650299222529
799000.0,1410.165029922304
465000.0,1410.165029922237
385000.0,1410.1650299223033
495000.0,1410.1650299219987
262000.0,1410.1650299223018
270000.0,1410.1650299222965
304700.0,1410.165029922021
349000.0,1410.165029922304
515000.0,1410.165029922304
158800.0,1410.1650299219782
430000.0,1410.1650299223022
740000.0,1410.165029922304
520000.0,1410.165029922304
305000.0,1410.165029922304
306000.0,1410.1650299222981
362000.0,1410.1650299222752
550000.0,1410.1650299222977
570000.0,1410.1650299222167
640000.0,1410.165029922304
300000.0,1410.165029922301
190000.0,1410.1650299222035
290000.0,1410.1650299222854
260000.0,1410.1650299223038
700000.0,1410.165029922304
549900.0,1410.1650299222665
312000.0,1410.1650299223031
534640.0,1410.1650299223024
299900.0,1410.1650299223036
436000.0,1410.1650299222883
396000.0,1410.1650299223036
622950.0,1410.165029922304
230000.0,1410.1650299222983
260000.0,1410.1650299038129
555000.0,1410.165029922304
243000.0,1410.1650299223033
256900.0,1410.1650299222981
353900.0,1410.1650299223013
405000.0,1410.165029922304
250000.0,1410.1650299222795
156000.0,1410.1650299222767
365000.0,1410.165029922271
825000.0,1410.165029922304
105000.0,1410.1650299222995
580000.0,1410.165029922304
635000.0,1410.165029922304
475000.0,1410.165029922304
420000.0,1410.165029922304
507250.0,1410.165029922304
320000.0,1410.1650299221722
560000.0,1410.1650299223015
226750.0,1410.1650299221978
832600.0,1410.1650299222927
440000.0,1410.165029922247
413107.0,1410.1650299223022
555000.0,1410.1650299219411
210000.0,1410.1650299207245
227000.0,1410.1650299222408
455000.0,1410.165029922179
430000.0,1410.1650299210382
407500.0,1410.165029922304
429950.0,1410.165029922304
360000.0,1410.1650299223006
335000.0,1410.1650299223022
445000.0,1410.1650299222993
470000.0,1410.1650299223033
495000.0,1410.165029922302
465000.0,1410.165029922304
325000.0,1410.165029922304
542500.0,1410.1650299223018
435000.0,1410.1650299222974
205425.0,1410.1650299219655
320000.0,1410.1650299220164
388000.0,1410.165029922304
631750.0,1410.165029922303
319900.0,1410.1650299222931
260000.0,1410.165029922304
825000.0,1410.165029922304
657500.0,1410.1650299222642
445000.0,1410.1650299222974
290000.0,1410.1650299222965
150000.0,1410.1650299222279
412000.0,1410.1650299223022
435000.0,1410.165029922304
250750.0,1410.165029922304
735000.0,1410.165029922269
350000.0,1410.1650299222795
199000.0,1410.1650299223036
245000.0,1410.165029922298
250000.0,1410.165029922304
390000.0,1410.165029922303
285000.0,1410.1650299222797
429900.0,1410.165029922304
685000.0,1410.165029922304
370000.0,1410.165029922304
547000.0,1410.1650299223033
272000.0,1410.1650299223031
378000.0,1410.1650299223022
460000.0,1410.1650299222729
434000.0,1410.1650299223006
175000.0,1410.165029922128
680000.0,1410.165029922304
635000.0,1410.165029922304
259500.0,1410.1650299222983
428000.0,1410.1650299223027
580000.0,1410.165029922304
205500.0,1410.1650299222956
780000.0,1410.165029922304
265000.0,1410.1650299222836
323000.0,1410.165029922304
465000.0,1410.165029922304
288000.0,1410.1650299223033
255000.0,1410.165029922301
284000.0,1410.1650299221474
630000.0,1410.165029922304
473000.0,1410.1650299221963
700000.0,1410.1650299223038
370000.0,1410.165029922077
545000.0,1410.16502992224
419000.0,1410.165029922304
275000.0,1410.1650299223031
232000.0,1410.1650299223006
810000.0,1410.165029922304
365000.0,1410.1650299223038
442500.0,1410.1650299223038
397000.0,1410.165029921728
270000.0,1410.1650299223038
208000.0,1410.1650299222872
254000.0,1410.165029922287
264950.0,1410.165029920049
800000.0,1410.165029922304
375000.0,1410.165029922303
315000.0,1410.1650299222083
705000.0,1410.165029922297
411100.0,1410.1650299223006
580000.0,1410.1650299223038
580000.0,1410.1650299222995
458000.0,1410.165029922095
475000.0,1410.1650299223033
369000.0,1410.1650299222952
359000.0,1410.1650299223031
353000.0,1410.16502992212
498500.0,1410.165029922304
575000.0,1410.1650299222933
387000.0,1410.1650299222645
388000.0,1410.1650299220478
200000.0,1410.1650299216653
455000.0,1410.1650299209505
491500.0,1410.1650299223031
443000.0,1410.165029922304
436500.0,1410.165029922304
305000.0,1410.1650299223027
695000.0,1410.1650299219755
440000.0,1410.1650299222995
420000.0,1410.165029922301
586000.0,1410.165029922304
512000.0,1410.1650299221697
212000.0,1410.1650299222538
215000.0,1410.1650299222968
435000.0,1410.165029922304
574800.0,1410.165029922302
409500.0,1410.165029922304
590000.0,1410.1650299223024
409000.0,1410.1650299223036
530000.0,1410.1650299220225
330000.0,1410.1650299219914
395000.0,1410.1650299223033
505000.0,1410.165029922304
250000.0,1410.165029922303
170500.0,1410.1650299218534
525000.0,1410.165029922298
246000.0,1410.165029922304
435000.0,1410.165029922304
250000.0,1410.1650299221856
349000.0,1410.165029922304
320000.0,1410.1650299223006
295000.0,1410.165029922293
716000.0,1410.165029922304
275000.0,1410.1650299220473
222400.0,1410.165029922297
382000.0,1410.165029922303
505000.0,1410.165029922304
312000.0,1410.165029922236
300000.0,1410.1650299195649
549950.0,1410.165029922304
345000.0,1410.1650299223018
309000.0,1410.1650299223038
459000.0,1410.1650299223033
750000.0,1410.165029922304
579950.0,1410.1650299222977
683500.0,1410.165029922297
652000.0,1410.165029922291
410000.0,1410.165029922304
305000.0,1410.165029920941
239900.0,1410.1650299223006
804000.0,1410.165029922304
275000.0,1410.165029922304
660500.0,1410.165029922304
405000.0,1410.165029922159
399950.0,1410.165029922304
620000.0,1410.1650299223038
575000.0,1410.165029922304
345000.0,1410.165029922304
530000.0,1410.1650299223038
173000.0,1410.1650299223038
615000.0,1410.1650299222267
285000.0,1410.165029922304
702000.0,1410.165029922304
349500.0,1410.165029922304
200000.0,1410.1650299201253
290000.0,1410.1650299222113
866500.0,1410.165029922304
510000.0,1410.16502992229
311000.0,1410.165029922251
266490.0,1410.1650299223004
450000.0,1410.165029922297
285000.0,1410.1650299223036
545000.0,1410.1650299223033
325000.0,1410.165029922304
673000.0,1410.165029922304
417000.0,1410.1650299222495
595000.0,1410.1650299223033
344000.0,1410.1650299222542
496000.0,1410.1650299223033
165000.0,1410.1650299222933
650000.0,1410.165029922304
800000.0,1410.165029922304
408200.0,1410.1650299223038
225000.0,1410.1650299219996
570000.0,1410.165029922304
630000.0,1410.165029922304
249000.0,1410.1650299219136
910000.0,1410.165029922303
575000.0,1410.1650299222817
398500.0,1410.1650299222915
265500.0,1410.1650299223013
743000.0,1410.165029922304
495000.0,1410.1650299223027
430100.0,1410.1650299221376
197500.0,1410.1650299212251
425000.0,1410.1650299223024
274900.0,1410.165029922304
240000.0,1410.1650299223006
459000.0,1410.1650299218652
393000.0,1410.1650299223033
358000.0,1410.165029922304
440000.0,1410.165029922304
485000.0,1410.1650299223031
440000.0,1410.165029922293
860000.0,1410.1650299223027
850000.0,1410.165029922304
400000.0,1410.1650299223027
325000.0,1410.165029922304
675000.0,1410.165029922304
224000.0,1410.165029922304
805500.0,1410.1650299223033
276000.0,1410.165029922304
412000.0,1410.1650299222915
301000.0,1410.165029922304
620000.0,1410.165029922304
285000.0,1410.1650299222965
250000.0,1410.1650299222817
560000.0,1410.165029922304
174000.0,1410.165029922107
485000.0,1410.165029922304
560000.0,1410.165029922304
500000.0,1410.165029922304
464000.0,1410.165029922304
237000.0,1410.1650299222858
345000.0,1410.1650299222638
536000.0,1410.165029922304
340000.0,1410.1650299223033
400000.0,1410.1650299223022
270000.0,1410.165029922304
609500.0,1410.165029922292
585000.0,1410.1650299223006
549000.0,1410.1650299223033
319900.0,1410.1650299223038
610000.0,1410.1650299222624
480000.0,1410.1650299223031
260600.0,1410.1650299210805
935000.0,1410.165029922304
310950.0,1410.165029922304
507200.0,1410.1650299223027
191000.0,1410.165029922238
580135.0,1410.165029922304
240000.0,1410.1650299223036
265000.0,1410.1650299223013
464950.0,1410.165029922063
828200.0,1410.165029922304
545000.0,1410.165029922304
350000.0,1410.1650299223008
462500.0,1410.1650299222829
625000.0,1410.1650299223038
275000.0,1410.1650299203814
325000.0,1410.1650299223033
405000.0,1410.1650299223018
582500.0,1410.1650299223022
191000.0,1410.1650299221908
527000.0,1410.165029922304
650000.0,1410.165029922303
400000.0,1410.1650299223033
179950.0,1410.1650299222972
655000.0,1410.1650299223038
381000.0,1410.1650299222854
222000.0,1410.165029922302
280000.0,1410.1650299223036
800000.0,1410.165029922304
525000.0,1410.165029922304
148226.0,1410.1650299222956
625000.0,1410.1650299223036
450000.0,1410.1650299223038
270000.0,1410.1650299223036
210000.0,1410.1650299222076
325000.0,1410.1650299214862
550000.0,1410.1650299222538
360000.0,1410.1650299222915
199000.0,1410.1650299223015
436000.0,1410.1650299223033
366000.0,1410.1650299223033
172500.0,1410.1650299222476
82000.0,1410.1650299222028
440000.0,1410.165029922304
390000.0,1410.1650299223022
210000.0,1410.165029922116
274950.0,1410.1650299222897
450000.0,1410.1650299223038
780000.0,1410.1650299223038
639000.0,1410.1650299223024
700000.0,1410.165029922304
481000.0,1410.165029922304
417000.0,1410.165029922286
600000.0,1410.165029922304
295000.0,1410.1650299208147
164000.0,1410.1650299222883
395000.0,1410.1650299222554
495000.0,1410.165029922276
560000.0,1410.1650299222733
380000.0,1410.165029922304
435000.0,1410.1650299223033
380000.0,1410.165029922304
385000.0,1410.165029922303
595000.0,1410.165029922304
399000.0,1410.16502992218
765000.0,1410.1650299222952
234000.0,1410.165029922302
656500.0,1410.1650299223036
199400.0,1410.165029921646
525000.0,1410.1650299199375
519950.0,1410.165029922304
185000.0,1410.1650299222943
235000.0,1410.1650299223033
405000.0,1410.165029922304
629950.0,1410.1650299222965
248000.0,1410.1650299222856
329000.0,1410.1650299222952
225000.0,1410.1650299223024
272000.0,1410.1650299223031
585000.0,1410.165029922304
310000.0,1410.165029922304
485000.0,1410.165029922304
550000.0,1410.165029921
550000.0,1410.1650299223022
500000.0,1410.165029922303
530000.0,1410.1650299223038
325000.0,1410.1650299223033
460000.0,1410.1650299222947
250000.0,1410.165029918635
399950.0,1410.1650299217852
314000.0,1410.165029922304
251000.0,1410.1650299214346
332900.0,1410.165029922302
298900.0,1410.165029922302
445000.0,1410.1650299222702
650000.0,1410.1650299222965
571000.0,1410.165029922303
513000.0,1410.1650299222965
380500.0,1410.1650299222931
661254.0,1410.165029922304
276000.0,1410.1650299183643
305000.0,1410.1650299223015
349900.0,1410.1650299223038
260000.0,1410.1650299223033
320000.0,1410.1650299223027
660000.0,1410.1650299223038
180000.0,1410.165029910574
555000.0,1410.165029922304
445800.0,1410.1650299222827
225000.0,1410.1650299222888
240000.0,1410.1650299222213
612000.0,1410.165029922304
478000.0,1410.1650299222651
445000.0,1410.1650299219264
350000.0,1410.16502992213
544000.0,1410.1650299223038
420000.0,1410.1650299223038
875000.0,1410.165029922304
364000.0,1410.1650299222815
600000.0,1410.165029922304
565000.0,1410.165029922304
513000.0,1410.165029922303
545000.0,1410.1650299222974
625000.0,1410.165029922303
640000.0,1410.1650299222968
359900.0,1410.165029922304
535000.0,1410.1650299223033
545000.0,1410.1650299223038
900000.0,1410.165029922304
400000.0,1410.1650299222892
780000.0,1410.165029922304
210000.0,1410.165029922302
666000.0,1410.1650299223024
285000.0,1410.1650299223008
669950.0,1410.165029922304
208400.0,1410.1650299222777
279950.0,1410.1650299223015
300000.0,1410.165029922304
465000.0,1410.165029922304
560200.0,1410.1650299223033
735000.0,1410.165029922304
385000.0,1410.1650299223033
554000.0,1410.165029922272
402000.0,1410.1650299218086
249000.0,1410.165029922297
601150.0,1410.1650299223022
650000.0,1410.165029922304
325000.0,1410.165029922303
161000.0,1410.1650299223033
525000.0,1410.165029922304
410000.0,1410.1650299223033
415000.0,1410.1650299223022
765000.0,1410.165029922302
199500.0,1410.1650299222936
417000.0,1410.165029922303
355000.0,1410.165029922304
669888.0,1410.165029922304
159000.0,1410.165029922277
328000.0,1410.1650299223038
385000.0,1410.1650299223036
460000.0,1410.1650299222947
329950.0,1410.165029922206
765000.0,1410.1650299223024
570000.0,1410.1650299221458
426700.0,1410.1650299223038
470000.0,1410.165029922304
372000.0,1410.165029922291
575000.0,1410.165029922289
240000.0,1410.1650299223033
184000.0,1410.165029922301
562500.0,1410.1650299223033
350000.0,1410.165029922304
710000.0,1410.165029922304
350000.0,1410.165029922304
468000.0,1410.165029922304
210000.0,1410.1650299223031
605000.0,1410.165029922304
400000.0,1410.165029922304
345000.0,1410.1650299223033
315000.0,1410.1650299223038
762500.0,1410.165029922304
365000.0,1410.1650299223033
385000.0,1410.1650299223027
450000.0,1410.1650299223033
572000.0,1410.165029922304
403500.0,1410.1650299223036
380000.0,1410.165029922271
522500.0,1410.1650299221842
362000.0,1410.165029922304
680000.0,1410.1650299222981
391000.0,1410.1650299223031
495000.0,1410.165029922304
215000.0,1410.1650299222747
601450.0,1410.1650299223031
850000.0,1410.165029922304
408000.0,1410.165029922304
450000.0,1410.165029922304
405000.0,1410.1650299223027
128000.0,1410.1650299140774
450000.0,1410.165029922302
233000.0,1410.165029922304
685000.0,1410.165029922304
255000.0,1410.1650299222977
416000.0,1410.1650299222672
430000.0,1410.165029922304
295000.0,1410.165029922304
222000.0,1410.1650299222993
578550.0,1410.165029922304
297950.0,1410.1650299222936
652427.0,1410.165029922304
200000.0,1410.1650299214666
449500.0,1410.165029922301
360000.0,1410.1650299222922
437000.0,1410.1650299223038
385000.0,1410.1650299223036
507000.0,1410.165029922195
460000.0,1410.1650299223015
175000.0,1410.165029921626
206000.0,1410.1650299223022
283200.0,1410.165029922304
272000.0,1410.165029922304
385000.0,1410.165029922304
269000.0,1410.1650299222902
699800.0,1410.1650299223018
314500.0,1410.165029922304
295500.0,1410.165029922289
577000.0,1410.165029922304
520000.0,1410.165029922304
463000.0,1410.1650299222945
685000.0,1410.165029922304
321000.0,1410.165029922304
370000.0,1410.1650299223033
340000.0,1410.165029922304
530000.0,1410.165029922197
433000.0,1410.165029922302
687500.0,1410.1650299223036
312000.0,1410.165029922298
462000.0,1410.1650299223027
280500.0,1410.165029922304
607500.0,1410.1650299223024
445000.0,1410.1650299223036
382500.0,1410.1650299222993
620000.0,1410.165029922302
465000.0,1410.165029922302
530000.0,1410.1650299223004
430000.0,1410.165029922299
280000.0,1410.1650299222847
304000.0,1410.1650299222902
508000.0,1410.1650299214207
430000.0,1410.16502991809
270000.0,1410.165029922294
440000.0,1410.165029922304
529941.0,1410.1650299223038
579950.0,1410.165029922304
176000.0,1410.1650299216767
310000.0,1410.1650299220137
738000.0,1410.165029922304
625000.0,1410.1650299223015
770000.0,1410.165029922304
330000.0,1410.1650299222374
490000.0,1410.1650299223036
245000.0,1410.165029922303
780000.0,1410.165029922304
689000.0,1410.165029922304
387000.0,1410.1650299222329
315000.0,1410.1650299223033
265000.0,1410.165029922301
530000.0,1410.1650299222467
650000.0,1410.1650299222997
625000.0,1410.165029922304
353000.0,1410.165029922296
395950.0,1410.165029922304
500000.0,1410.1650299223022
831000.0,1410.165029922304
500000.0,1410.165029922304
762500.0,1410.165029922304
236000.0,1410.1650299223038
535000.0,1410.1650299223033
415000.0,1410.165029922304
237000.0,1410.1650299181028
850000.0,1410.165029922304
338000.0,1410.1650299223038
435000.0,1410.165029922304
807100.0,1410.165029922304
371000.0,1410.1650299223033
650000.0,1410.165029922304
470000.0,1410.165029922304
255000.0,1410.1650299223033
355000.0,1410.1650299223038
557000.0,1410.165029922301
403950.0,1410.165029922304
385000.0,1410.165029922302
499990.0,1410.1650299223018
300000.0,1410.16502992228
659500.0,1410.1650299223033
129888.0,1410.165029921699
752000.0,1410.165029922304
315000.0,1410.165029922286
800000.0,1410.165029922304
187000.0,1410.1650299222958
244000.0,1410.165029922293
615000.0,1410.1650299223038
375000.0,1410.165029922304
215000.0,1410.1650299223038
400000.0,1410.1650299221806
477500.0,1410.165029922303
525000.0,1410.165029922304
560000.0,1410.1650299222988
175000.0,1410.1650299222986
465000.0,1410.165029922304
520000.0,1410.1650299222983
563950.0,1410.165029922304
419950.0,1410.165029922304
329000.0,1410.165029922304
365000.0,1410.1650299211833
397000.0,1410.165029922304
197000.0,1410.1650299223002
435000.0,1410.1650299222952
493000.0,1410.1650299223027
690000.0,1410.1650299223027
177000.0,1410.1650299221742
290000.0,1410.165029922304
397500.0,1410.1650299221187
656000.0,1410.1650299222995
222200.0,1410.1650299222717
592350.0,1410.1650299222815
752000.0,1410.1650299222956
349950.0,1410.1650299222983
525000.0,1410.165029922304
200000.0,1410.1650299222888
299000.0,1410.1650299223008
350000.0,1410.1650299223038
367000.0,1410.1650299212342
295000.0,1410.1650299217877
425000.0,1410.1650299223006
560000.0,1410.1650299223033
432000.0,1410.165029922304
390000.0,1410.165029922304
639983.0,1410.165029922304
269950.0,1410.1650299223027
284000.0,1410.1650299222988
450000.0,1410.1650299223033
566000.0,1410.165029922304
219000.0,1410.165029922283
524000.0,1410.1650299218277
426000.0,1410.165029922294
479500.0,1410.1650299215362
538000.0,1410.165029922304
412000.0,1410.1650299221224
327000.0,1410.1650299223031
277000.0,1410.1650299222147
403000.0,1410.1650299222995
645000.0,1410.165029922304
390000.0,1410.165029922208
335000.0,1410.1650299223038
402000.0,1410.1650299222545
200000.0,1410.165029922105
417000.0,1410.1650299223033
525000.0,1410.1650299222897
399895.0,1410.165029922304
510000.0,1410.1650299223038
359000.0,1410.165029922304
403950.0,1410.1650299217858
404000.0,1410.1650299222956
525000.0,1410.1650299215748
545000.0,1410.1650299223033
320000.0,1410.1650299222943
635000.0,1410.165029922304
284950.0,1410.1650299223033
342500.0,1410.1650299223033
445000.0,1410.1650299223038
530000.0,1410.1650299223038
415000.0,1410.1650299223015
525000.0,1410.165029922304
425000.0,1410.1650299222988
395000.0,1410.1650299223036
524950.0,1410.1650299222983
415000.0,1410.165029922033
775000.0,1410.165029922304
270000.0,1410.165029922221
630000.0,1410.165029922304
347500.0,1410.165029922304
615000.0,1410.1650299223036
359900.0,1410.1650299223033
425000.0,1410.165029922304
435000.0,1410.165029922241
325000.0,1410.1650299220892
293000.0,1410.165029922301
529950.0,1410.165029922304
350000.0,1410.1650299223004
425000.0,1410.1650299221453
329900.0,1410.1650299223036
880000.0,1410.165029922304
425000.0,1410.165029922304
390000.0,1410.1650299160285
309212.0,1410.1650299222945
530000.0,1410.165029922304
379900.0,1410.1650299222988
350000.0,1410.165029922301
432500.0,1410.1650299222492
443600.0,1410.1650299222983
585000.0,1410.165029922304
285000.0,1410.1650299216433
915000.0,1410.165029922292
520000.0,1410.1650299223038
650000.0,1410.165029922304
164950.0,1410.1650299223033
245000.0,1410.165029922303
405000.0,1410.1650299223024
593777.0,1410.1650299223031
482000.0,1410.165029922304
307000.0,1410.165029922304
243000.0,1410.1650299222931
342000.0,1410.1650299222292
280005.0,1410.1650299222374
310000.0,1410.1650299223033
255000.0,1410.165029922299
174000.0,1410.165029922174
575000.0,1410.1650299223027
416000.0,1410.1650299223002
350000.0,1410.1650299222993
372000.0,1410.165029922304
840000.0,1410.165029922304
193000.0,1410.1650299063385
475000.0,1410.1650299223033
172040.0,1410.165029922302
280000.0,1410.1650299223006
435000.0,1410.1650299222906
264500.0,1410.1650299223033
352000.0,1410.165029922304
612995.0,1410.165029922304
620000.0,1410.1650299223031
205000.0,1410.1650299223004
400000.0,1410.1650299222308
179950.0,1410.1650299218436
360000.0,1410.165029922304
415000.0,1410.165029922304
799000.0,1410.1650299223038
667500.0,1410.1650299222983
114000.0,1410.1650299190596
365000.0,1410.165029922304
305000.0,1410.165029922297
406000.0,1410.1650299062635
270000.0,1410.1650299222897
530000.0,1410.1650299223038
465000.0,1410.165029922304
607500.0,1410.165029922303
845000.0,1410.165029922304
735000.0,1410.165029922304
327000.0,1410.1650299221258
529500.0,1410.1650299222972
350000.0,1410.165029922302
300000.0,1410.1650299223033
420000.0,1410.1650299221315
354950.0,1410.165029922304
500000.0,1410.16502992221
329000.0,1410.165029922304
333000.0,1410.165029922304
315000.0,1410.165029922303
453000.0,1410.1650299222897
500000.0,1410.165029922304
419000.0,1410.1650299221103
685000.0,1410.165029922304
389517.0,1410.165029922304
471500.0,1410.1650299223038
555000.0,1410.165029922166
685000.0,1410.165029922304
474905.0,1410.1650299223008
485000.0,1410.165029922304
415500.0,1410.165029922302
547000.0,1410.165029922297
815000.0,1410.1650299222933
790000.0,1410.165029922304
260000.0,1410.1650299222474
312000.0,1410.1650299220457
312500.0,1410.1650299223024
300000.0,1410.1650299223027
777000.0,1410.165029922304
799500.0,1410.165029922304
558000.0,1410.165029922304
505000.0,1410.1650299222647
400000.0,1410.165029922304
615000.0,1410.1650299223031
987000.0,1410.165029922304
420200.0,1410.1650299222806
250000.0,1410.1650299222995
280500.0,1410.165029922304
410000.0,1410.165029922303
535000.0,1410.1650299221
840000.0,1410.165029922304
739000.0,1410.1650299223038
695000.0,1410.165029922304
685000.0,1410.165029922286
420000.0,1410.1650299222993
485000.0,1410.165029922304
333000.0,1410.1650299222883
560000.0,1410.165029922304
305240.0,1410.1650299222824
539000.0,1410.165029922303
385000.0,1410.1650299223018
210000.0,1410.1650299222906
409950.0,1410.165029922304
415000.0,1410.165029922304
450000.0,1410.1650299223038
313500.0,1410.165029922302
473000.0,1410.165029922304
515000.0,1410.165029922304
212000.0,1410.1650299210971
865000.0,1410.1650299222754
330000.0,1410.1650299222742
505000.0,1410.1650299223033
480000.0,1410.165029922304
425000.0,1410.1650299219502
435000.0,1410.165029922293
525000.0,1410.1650299221878
475000.0,1410.1650299222513
625000.0,1410.1650299223036
250000.0,1410.1650299199355
670000.0,1410.165029922304
348500.0,1410.1650299222445
826000.0,1410.1650299220232
380000.0,1410.165029922304
510000.0,1410.1650299222702
613200.0,1410.1650299223036
240000.0,1410.1650299222422
302059.0,1410.1650299222852
189000.0,1410.1650299222674
562000.0,1410.1650299223038
206135.0,1410.1650299222995
575000.0,1410.1650299223022
269950.0,1410.1650299223036
286000.0,1410.165029922304
400000.0,1410.1650299222465
442500.0,1410.1650299222986
317000.0,1410.165029922304
850000.0,1410.165029922304
629800.0,1410.165029922303
518000.0,1410.165029922304
333000.0,1410.1650299222233
249950.0,1410.1650299222338
415000.0,1410.165029922304
690000.0,1410.165029922304
675000.0,1410.1650299223038
629950.0,1410.1650299222965
315000.0,1410.165029922304
229900.0,1410.1650299223038
431000.0,1410.1650299222993
292500.0,1410.1650299223004
240000.0,1410.1650299220819
455000.0,1410.1650299219739
441000.0,1410.165029922301
324900.0,1410.1650299223038
455000.0,1410.1650299223031
219000.0,1410.1650299218113
615000.0,1410.165029922304
625000.0,1410.165029922304
417000.0,1410.165029921693
425000.0,1410.1650299223027
535000.0,1410.165029922304
397450.0,1410.165029922304
275000.0,1410.1650299146363
332000.0,1410.1650299217888
562500.0,1410.165029922304
598200.0,1410.165029922304
716500.0,1410.165029922303
545000.0,1410.165029922304
466000.0,1410.1650299223033
190000.0,1410.1650299221399
555000.0,1410.1650299223015
620000.0,1410.1650299223004
400000.0,1410.165029922304
435500.0,1410.1650299222842
300000.0,1410.165029922304
525000.0,1410.1650299223033
675000.0,1410.1650299222804
350000.0,1410.1650299217808
335000.0,1410.165029922304
360000.0,1410.165029922304
580000.0,1410.1650299223031
346000.0,1410.1650299219536
607000.0,1410.1650299223038
450000.0,1410.1650299221033
346950.0,1410.1650299223027
415000.0,1410.1650299223022
690000.0,1410.1650299223015
310000.0,1410.165029922296
272000.0,1410.1650299223033
439000.0,1410.1650299222924
552500.0,1410.1650299223024
379950.0,1410.165029922304
760000.0,1410.165029922304
262000.0,1410.1650299223033
675000.0,1410.165029922304
412133.0,1410.165029920931
260000.0,1410.1650299222806
430000.0,1410.165029922303
265000.0,1410.1650299174744
275000.0,1410.1650299222952
341000.0,1410.1650299223031
552700.0,1410.1650299182575
359950.0,1410.1650299222292
476500.0,1410.165029922279
672500.0,1410.1650299223038
269900.0,1410.1650299223036
989900.0,1410.165029922304
300000.0,1410.165029922304
305000.0,1410.165029922301
334900.0,1410.1650299222379
355000.0,1410.1650299222974
515000.0,1410.1650299223033
556000.0,1410.1650299222986
178000.0,1410.1650299222808
350000.0,1410.1650299223031
529950.0,1410.165029922221
272000.0,1410.1650299223033
475000.0,1410.1650299221074
920000.0,1410.165029922304
640000.0,1410.165029922303
368250.0,1410.165029922304
510000.0,1410.1650299223036
315000.0,1410.165029922304
250000.0,1410.1650299220182
515000.0,1410.165029922304
560000.0,1410.165029922303
220000.0,1410.165029922301
305000.0,1410.1650299222606
376000.0,1410.165029922304
266000.0,1410.1650299223015
585000.0,1410.165029922304
239950.0,1410.165029921686
585000.0,1410.1650299223015
710000.0,1410.165029922304
402300.0,1410.165029922215
589500.0,1410.165029922304
379950.0,1410.165029922304
328423.0,1410.165029922302
475000.0,1410.1650299223027
280000.0,1410.1650299223038
380000.0,1410.1650299222924
1012000.0,1410.165029922304
398000.0,1410.1650299222908
649000.0,1410.165029922147
720000.0,1410.165029922304
315000.0,1410.165029922304
660000.0,1410.165029922304
338000.0,1410.1650299223031
525000.0,1410.1650299223038
299000.0,1410.165029922304
505000.0,1410.1650299222115
320000.0,1410.1650299222795
340000.0,1410.165029918516
470000.0,1410.16502992227
301950.0,1410.1650299223024
837219.0,1410.165029922304
425000.0,1410.165029922304
150550.0,1410.1650299222892
238000.0,1410.165029922293
776000.0,1410.165029922304
425000.0,1410.165029922304
354000.0,1410.165029922283
377500.0,1410.1650299220423
261000.0,1410.1650299223024
563250.0,1410.1650299222993
330000.0,1410.1650299223008
381000.0,1410.165029922304
224000.0,1410.1650299223027
516500.0,1410.1650299223004
329950.0,1410.1650299223033
606500.0,1410.1650299223038
505000.0,1410.165029922304
600000.0,1410.165029922304
565000.0,1410.165029922304
615000.0,1410.165029922304
330000.0,1410.1650299223036
356700.0,1410.165029921935
538500.0,1410.165029922304
300000.0,1410.165029922304
715000.0,1410.165029922304
325000.0,1410.165029922304
620000.0,1410.165029922303
185000.0,1410.1650299222756
450000.0,1410.1650299223033
240000.0,1410.1650299222358
710500.0,1410.1650299223033
270000.0,1410.1650299222915
831548.0,1410.165029922304
615000.0,1410.1650299223033
330000.0,1410.165029922304
525000.0,1410.165029922304
248000.0,1410.165029922304
475000.0,1410.1650299223033
176000.0,1410.1650299219912
454000.0,1410.1650299223038
290000.0,1410.165029922303
533000.0,1410.1650299223036
899000.0,1410.165029922304
250000.0,1410.165029921995
519990.0,1410.165029922304
348450.0,1410.165029922304
366750.0,1410.1650299223027
350000.0,1410.1650299222988
449950.0,1410.165029922304
379500.0,1410.165029922304
655000.0,1410.165029922304
290000.0,1410.165029922304
665000.0,1410.165029922304
510000.0,1410.165029922304
890000.0,1410.165029922304
489000.0,1410.165029922304
349900.0,1410.165029922304
700000.0,1410.1650299223033
427000.0,1410.1650299220453
366000.0,1410.1650299223027
736000.0,1410.165029922304
250000.0,1410.1650299223038
418000.0,1410.1650299223033
295000.0,1410.1650299223033
215000.0,1410.1650299222451
358000.0,1410.1650299217915
405000.0,1410.165029922201
333760.0,1410.165029922166
680000.0,1410.1650299222956
677500.0,1410.165029922304
649950.0,1410.165029922304
565000.0,1410.165029922294
219000.0,1410.1650299222906
455000.0,1410.1650299223038
338500.0,1410.1650299222947
210000.0,1410.165029922303
270000.0,1410.1650299222924
539000.0,1410.1650299223015
358000.0,1410.165029922304
530000.0,1410.1650299223033
460000.0,1410.165029922292
615000.0,1410.1650299221014
275000.0,1410.1650299222483
225000.0,1410.165029922302
305000.0,1410.1650299222547
289000.0,1410.165029922265
220000.0,1410.1650299222908
325000.0,1410.1650299204848
277000.0,1410.1650299223013
779000.0,1410.165029922304
404500.0,1410.165029922159
399000.0,1410.165029922304
220000.0,1410.165029921077
662500.0,1410.165029922304
455000.0,1410.1650299208459
435000.0,1410.165029922304
316000.0,1410.165029921152
439500.0,1410.1650299222981
337000.0,1410.1650299222908
219000.0,1410.1650299141088
350000.0,1410.1650299223036
467000.0,1410.165029922304
245000.0,1410.165029922297
265000.0,1410.165029922304
390000.0,1410.165029921941
354000.0,1410.165029922304
363000.0,1410.165029922304
338000.0,1410.1650299219973
268000.0,1410.165029922289
775000.0,1410.1650299223022
263000.0,1410.165029922304
263000.0,1410.1650299222958
231200.0,1410.1650299222952
825000.0,1410.165029922304
310000.0,1410.165029922214
619000.0,1410.1650299222988
745000.0,1410.165029922304
360000.0,1410.1650299223038
235000.0,1410.1650299223024
330000.0,1410.1650299223038
410000.0,1410.165029922304
382000.0,1410.1650299222697
781000.0,1410.165029922304
350900.0,1410.165029922304
429900.0,1410.165029922304
427000.0,1410.165029922303
322500.0,1410.1650299223038
405100.0,1410.1650299152534
675000.0,1410.165029922304
480000.0,1410.1650299222779
325000.0,1410.165029922304
251700.0,1410.1650299223006
625000.0,1410.1650299222051
702000.0,1410.165029922304
329950.0,1410.1650299223038
419000.0,1410.165029920931
380000.0,1410.1650299208466
375000.0,1410.1650299223018
339000.0,1410.165029922304
715000.0,1410.165029922304
375000.0,1410.165029922301
287000.0,1410.1650299223027
650000.0,1410.165029922298
305000.0,1410.1650299223038
359950.0,1410.165029922304
590000.0,1410.1650299223038
690000.0,1410.165029922304
575000.0,1410.165029922304
700000.0,1410.165029922304
282000.0,1410.1650299223031
205000.0,1410.165029922304
375000.0,1410.165029922304
520000.0,1410.1650299223031
227490.0,1410.1650299223022
699188.0,1410.165029922304
438000.0,1410.1650299222886
216500.0,1410.165029914106
485000.0,1410.1650299219593
180000.0,1410.1650299222883
375000.0,1410.1650299213177
545000.0,1410.165029922304
393000.0,1410.165029922304
328000.0,1410.1650299223038
336000.0,1410.1650299223027
479900.0,1410.165029922304
377000.0,1410.1650299223038
540000.0,1410.165029922304
425000.0,1410.165029922237
265000.0,1410.1650299223038
300000.0,1410.165029922304
280000.0,1410.165029922303
225000.0,1410.165029921968
335000.0,1410.1650299222952
580000.0,1410.1650299208936
790000.0,1410.165029922304
275500.0,1410.1650299222367
275000.0,1410.1650299223038
599950.0,1410.165029922304
359950.0,1410.165029922304
370000.0,1410.165029922304
614950.0,1410.1650299223024
325000.0,1410.1650299191008
295000.0,1410.1650299222927
399000.0,1410.1650299221378
610000.0,1410.165029922304
227000.0,1410.1650299205241
720000.0,1410.1650299223008
534000.0,1410.165029922303
598555.0,1410.165029922304
680000.0,1410.165029922304
229000.0,1410.1650299222997
397990.0,1410.165029922301
370000.0,1410.1650299214507
441000.0,1410.1650299223038
487585.0,1410.1650299223027
605000.0,1410.165029922304
260000.0,1410.1650299183657
220000.0,1410.165029922296
175000.0,1410.1650299222727
279000.0,1410.165029922304
334500.0,1410.1650299223033
822000.0,1410.165029922304
285000.0,1410.1650299209152
506500.0,1410.1650299223038
201000.0,1410.165029922298
385000.0,1410.1650299223022
494000.0,1410.165029922304
325000.0,1410.1650299222947
190000.0,1410.1650299222829
150000.0,1410.1650299222129
217450.0,1410.1650299218986
269000.0,1410.165029922233
560000.0,1410.165029922304
926250.0,1410.165029922304
329950.0,1410.165029922248
560000.0,1410.165029922304
350000.0,1410.1650299222918
275000.0,1410.1650299223036
430000.0,1410.1650299222747
225000.0,1410.1650299223013
762000.0,1410.165029922304
525000.0,1410.1650299218777
323000.0,1410.1650299222943
150000.0,1410.1650299222483
248000.0,1410.165029922304
305000.0,1410.165029922304
360000.0,1410.1650299223036
525000.0,1410.1650299222615
735000.0,1410.165029922304
657500.0,1410.165029922303
750500.0,1410.165029922304
552500.0,1410.165029922081
298500.0,1410.1650299223036
525000.0,1410.165029922295
190000.0,1410.1650299222817
329950.0,1410.1650299215603
245000.0,1410.165029922297
305000.0,1410.165029922304
220000.0,1410.1650299223033
385000.0,1410.165029922304
475000.0,1410.165029922293
315000.0,1410.1650299223024
249900.0,1410.1650299216353
530000.0,1410.165029916566
377000.0,1410.165029922304
321000.0,1410.1650299223022
530000.0,1410.165029922303
265000.0,1410.1650299222947
252500.0,1410.1650299223036
898000.0,1410.1650299223038
474900.0,1410.1650299222915
359000.0,1410.165029922304
395000.0,1410.165029922304
425000.0,1410.1650299222993
324000.0,1410.1650299223038
250000.0,1410.1650299222536
479349.0,1410.165029922304
183000.0,1410.1650299222624
432500.0,1410.165029922304
263500.0,1410.1650299129587
299950.0,1410.1650299222747
534500.0,1410.1650299223006
226550.0,1410.1650299211296
531000.0,1410.165029922304
195000.0,1410.1650299222993
447000.0,1410.1650299200485
515000.0,1410.165029922304
442000.0,1410.1650299222688
414050.0,1410.165029922304
775000.0,1410.1650299223038
235000.0,1410.165029922304
501000.0,1410.1650299222822
332000.0,1410.1650299223036
188000.0,1410.1650299223004
541500.0,1410.165029922301
470000.0,1410.165029922296
623000.0,1410.165029922304
265000.0,1410.165029922304
345000.0,1410.165029922124
728050.0,1410.1650299223027
240000.0,1410.1650299223031
507000.0,1410.1650299222872
325000.0,1410.1650299222474
353000.0,1410.1650299223038
281000.0,1410.165029922296
245000.0,1410.1650299176397
535000.0,1410.1650299220987
550000.0,1410.165029922304
850000.0,1410.165029922304
190000.0,1410.1650299223033
384400.0,1410.1650299223031
579000.0,1410.1650299223031
500000.0,1410.1650299220616
650000.0,1410.165029922304
193000.0,1410.1650299222802
600000.0,1410.165029922304
385000.0,1410.165029922304
329500.0,1410.1650299223036
260000.0,1410.1650299222395
385000.0,1410.1650299223038
610000.0,1410.1650299223038
270000.0,1410.165029922304
353000.0,1410.1650299222956
498000.0,1410.165029922304
380000.0,1410.1650299223018
513000.0,1410.1650299222924
294000.0,1410.165029922304
360000.0,1410.1650299222995
515000.0,1410.165029920941
515000.0,1410.165029922304
210000.0,1410.1650299221344
717500.0,1410.165029922304
425000.0,1410.165029922304
295000.0,1410.1650299222981
265000.0,1410.1650299223022
289950.0,1410.165029922302
222000.0,1410.1650299222097
817000.0,1410.1650299223015
230000.0,1410.165029922302
265050.0,1410.1650299204848
442500.0,1410.1650299222983
355000.0,1410.1650299220387
1008000.0,1410.165029922304
315000.0,1410.1650299220082
952000.0,1410.165029922304
635000.0,1410.165029922304
272000.0,1410.1650299223038
386180.0,1410.165029920646
475000.0,1410.1650299222936
600000.0,1410.1650299212033
507000.0,1410.165029922304
386000.0,1410.1650299223027
449400.0,1410.165029922304
583000.0,1410.1650299223038
251100.0,1410.1650299223031
640000.0,1410.1650299223033
766000.0,1410.165029922304
315000.0,1410.165029922196
325000.0,1410.165029922304
315000.0,1410.165029921925
272000.0,1410.1650299223038
355000.0,1410.165029922288
835000.0,1410.165029922304
370228.0,1410.1650299223038
210000.0,1410.1650299222474
257500.0,1410.165029922304
535800.0,1410.165029922304
661000.0,1410.165029922304
747000.0,1410.1650299221674
440000.0,1410.1650299222686
150000.0,1410.1650299214566
365000.0,1410.165029922304
390000.0,1410.1650299223036
765000.0,1410.165029922304
415000.0,1410.1650299223013
669000.0,1410.165029922303
667000.0,1410.165029922304
380000.0,1410.1650299223033
460000.0,1410.1650299223013
250000.0,1410.165029922256
257000.0,1410.165029922298
353000.0,1410.165029922304
427550.0,1410.1650299193354
548000.0,1410.1650299222952
610000.0,1410.165029922304
525000.0,1410.165029922304
430000.0,1410.165029922155
735000.0,1410.165029922304
246500.0,1410.1650299223027
525000.0,1410.1650299203138
479000.0,1410.165029922302
599000.0,1410.1650299222983
907000.0,1410.165029922304
495000.0,1410.165029922304
345000.0,1410.1650299222367
625000.0,1410.165029922304
449950.0,1410.1650299223033
255000.0,1410.1650299223022
538000.0,1410.1650299223038
392450.0,1410.1650299222888
730000.0,1410.165029922304
900000.0,1410.165029922304
465000.0,1410.1650299222897
499950.0,1410.16502992212
360000.0,1410.165029922304
414500.0,1410.1650299213986
450000.0,1410.1650299221683
557000.0,1410.165029922304
499950.0,1410.1650299222006
435000.0,1410.165029922304
589000.0,1410.1650299223038
708000.0,1410.1650299216424
320000.0,1410.1650299214937
725000.0,1410.1650299222904
432500.0,1410.165029922304
675000.0,1410.1650299223036
202500.0,1410.1650299223033
435000.0,1410.165029922304
615000.0,1410.1650299223031
239000.0,1410.1650299223027
450000.0,1410.1650299223038
572115.0,1410.165029922304
305000.0,1410.1650299223033
287000.0,1410.165029920928
152500.0,1410.1650299212674
470000.0,1410.1650299222995
225000.0,1410.165029922304
324000.0,1410.165029922295
205000.0,1410.165029922272
400000.0,1410.1650299223027
287000.0,1410.165029922304
445000.0,1410.1650299223038
500000.0,1410.1650299222983
553000.0,1410.1650299208088
410500.0,1410.1650299221594
560000.0,1410.1650299223033
362300.0,1410.165029922304
685000.0,1410.165029922304
270000.0,1410.165029922304
398750.0,1410.1650299223027
455600.0,1410.165029922304
457500.0,1410.1650299222879
699000.0,1410.1650299222958
230000.0,1410.1650299223031
260000.0,1410.1650299222815
300000.0,1410.165029922304
205000.0,1410.1650299223033
415000.0,1410.1650299223031
590000.0,1410.165029922303
284000.0,1410.1650299223008
325000.0,1410.1650299223036
900000.0,1410.1650299223002
532000.0,1410.1650299221624
313000.0,1410.1650299221965
278000.0,1410.1650299223038
285000.0,1410.1650299222977
510000.0,1410.165029922302
295000.0,1410.1650299221774
500000.0,1410.165029922304
280000.0,1410.1650299223038
790000.0,1410.1650299222802
591000.0,1410.1650299222963
438000.0,1410.165029922304
359950.0,1410.165029922304
425000.0,1410.1650299221994
465750.0,1410.165029922304
140000.0,1410.1650299222956
305000.0,1410.1650299222783
235000.0,1410.1650299223008
525000.0,1410.165029922304
420000.0,1410.1650299223031
279950.0,1410.1650299223024
440000.0,1410.165029922304
324450.0,1410.1650299223038
405000.0,1410.1650299223033
365000.0,1410.1650299222988
299950.0,1410.1650299223036
552000.0,1410.1650299222451
355000.0,1410.165029922304
305000.0,1410.1650299223033
110000.0,1410.1650299222829
325000.0,1410.165029922301
427500.0,1410.1650299222028
375000.0,1410.165029922304
168500.0,1410.1650299222833
362865.0,1410.165029922304
485000.0,1410.1650299221478
230000.0,1410.1650299222997
535000.0,1410.165029922304
324950.0,1410.1650299222588
489000.0,1410.1650299222588
754300.0,1410.165029922304
329000.0,1410.1650299220714
380000.0,1410.165029922304
447450.0,1410.165029922303
430000.0,1410.1650299222958
270000.0,1410.165029922304
199950.0,1410.1650299223008
715000.0,1410.165029922304
405000.0,1410.1650299223033
260000.0,1410.165029922302
332500.0,1410.1650299222936
278000.0,1410.1650299222888
445000.0,1410.1650299223022
304000.0,1410.1650299223033
625000.0,1410.1650299223038
373000.0,1410.165029922304
359500.0,1410.1650299223033
253000.0,1410.1650299222993
368000.0,1410.165029922304
680000.0,1410.1650299223038
439000.0,1410.1650299222763
590000.0,1410.1650299223022
264950.0,1410.1650299223033
275000.0,1410.165029922304
338900.0,1410.1650299223033
517850.0,1410.165029922304
436000.0,1410.165029922303
899000.0,1410.165029922304
625000.0,1410.165029922304
232000.0,1410.165029922292
510000.0,1410.1650299223033
485000.0,1410.165029922301
372000.0,1410.165029922304
483945.0,1410.1650299220794
511200.0,1410.165029922297
509500.0,1410.165029922304
279000.0,1410.1650299223033
570000.0,1410.165029922304
259950.0,1410.1650299219764
340000.0,1410.165029922304
229000.0,1410.165029922172
276000.0,1410.165029922304
517500.0,1410.1650299222124
626000.0,1410.1650299223033
489950.0,1410.165029922304
257000.0,1410.1650299223027
350000.0,1410.1650299222063
400000.0,1410.1650299223036
450000.0,1410.1650299223002
760000.0,1410.165029922304
442573.0,1410.165029922296
450000.0,1410.1650299218777
245000.0,1410.165029921345
254000.0,1410.1650299223036
550000.0,1410.165029922298
585000.0,1410.165029922304
354000.0,1410.165029922304
275000.0,1410.1650299223033
195000.0,1410.1650299222115
200000.0,1410.1650299223002
240415.0,1410.1650299222983
439000.0,1410.1650299222858
260000.0,1410.1650299223036
293000.0,1410.1650299223033
530000.0,1410.1650299223018
225000.0,1410.1650299223004
667500.0,1410.165029922304
653000.0,1410.165029922304
445500.0,1410.165029922302
270000.0,1410.1650299211876
239900.0,1410.1650299221426
671300.0,1410.165029922304
259250.0,1410.1650299206597
321027.0,1410.165029922304
240000.0,1410.1650299210294
258000.0,1410.165029922302
479950.0,1410.165029922304
341000.0,1410.1650299222915
519000.0,1410.1650299223036
450000.0,1410.1650299221792
235000.0,1410.165029922304
300000.0,1410.1650299221635
294000.0,1410.1650299222547
379900.0,1410.1650299222988
757000.0,1410.165029922304
215000.0,1410.1650299222965
654500.0,1410.1650299223022
450000.0,1410.165029922266
799000.0,1410.165029922304
423000.0,1410.1650299222997
494815.0,1410.1650299222974
400000.0,1410.165029922304
582000.0,1410.165029922213
599000.0,1410.1650299223038
875000.0,1410.165029922304
560000.0,1410.165029922304
269950.0,1410.1650299223027
345000.0,1410.1650299221296
325000.0,1410.1650299222051
179950.0,1410.1650299215376
245000.0,1410.1650299223038
345000.0,1410.165029922304
615000.0,1410.165029922286
355000.0,1410.1650299215244
371500.0,1410.165029922277
357000.0,1410.165029922224
310000.0,1410.1650299223038
500000.0,1410.165029922304
482500.0,1410.1650299220132
710000.0,1410.165029922304
400375.0,1410.165029922303
225000.0,1410.165029921648
425000.0,1410.1650299222904
868500.0,1410.165029922304
481450.0,1410.1650299222538
315000.0,1410.1650299222829
510000.0,1410.165029922304
537100.0,1410.165029922304
485000.0,1410.165029922304
185000.0,1410.1650299222592
510000.0,1410.1650299223
390000.0,1410.1650299223022
541000.0,1410.1650299223015
257000.0,1410.1650299216285
435000.0,1410.1650299222538
420000.0,1410.165029922302
841000.0,1410.165029922304
375000.0,1410.165029922106
350000.0,1410.1650299222997
235000.0,1410.1650299223038
520000.0,1410.165029922304
429950.0,1410.1650299223038
410000.0,1410.165029922304
411500.0,1410.1650299222956
420000.0,1410.1650299222736
528000.0,1410.165029922304
249900.0,1410.165029922273
315000.0,1410.1650299223024
535000.0,1410.165029922304
315450.0,1410.1650299223027
385000.0,1410.1650299222924
215000.0,1410.16502992169
826600.0,1410.165029922304
500000.0,1410.1650299222895
479950.0,1410.16502992227
302500.0,1410.165029922301
446500.0,1410.165029922304
430000.0,1410.1650299223002
470000.0,1410.1650299223038
465000.0,1410.165029922304
325000.0,1410.165029922304
283748.0,1410.1650299223038
415000.0,1410.165029922281
329950.0,1410.165029922304
919204.0,1410.165029922304
578000.0,1410.165029922304
478000.0,1410.1650299222874
380000.0,1410.165029922304
505000.0,1410.165029922304
225205.0,1410.1650299217397
286000.0,1410.1650299215003
230000.0,1410.165029922231
372500.0,1410.1650299223024
481000.0,1410.1650299222235
589000.0,1410.1650299222483
906000.0,1410.1650299223033
238000.0,1410.1650299219943
304500.0,1410.165029922304
316500.0,1410.1650299223013
460000.0,1410.1650299222674
530000.0,1410.165029922304
550120.0,1410.165029922304
655000.0,1410.165029922304
824000.0,1410.165029922304
535000.0,1410.165029922304
346100.0,1410.165029919706
459950.0,1410.165029922304
166600.0,1410.1650299222977
589000.0,1410.1650299223022
299950.0,1410.165029922277
575000.0,1410.1650299222215
499990.0,1410.165029922304
285000.0,1410.1650299222533
425000.0,1410.1650299222842
610000.0,1410.165029922304
715000.0,1410.1650299223027
329500.0,1410.1650299222295
334000.0,1410.165029922304
220000.0,1410.1650299222479
292000.0,1410.1650299222188
449950.0,1410.165029922304
626000.0,1410.1650299222065
402500.0,1410.1650299223027
627800.0,1410.165029922304
439990.0,1410.1650299223006
489500.0,1410.165029922304
650000.0,1410.165029922304
180000.0,1410.165029922271
317500.0,1410.1650299223027
482000.0,1410.1650299202308
319950.0,1410.165029922304
290000.0,1410.1650299223036
638000.0,1410.1650299223027
425000.0,1410.1650299222995
235500.0,1410.165029922296
467000.0,1410.1650299223033
290000.0,1410.1650299223002
725000.0,1410.165029922304
585000.0,1410.165029922304
433500.0,1410.165029922296
369000.0,1410.1650299220287
615000.0,1410.165029922304
317000.0,1410.1650299222993
380000.0,1410.165029922304
536500.0,1410.1650299223038
773000.0,1410.165029922304
398500.0,1410.165029922304
294000.0,1410.165029922074
754842.0,1410.165029922304
212000.0,1410.165029922304
330000.0,1410.1650299222938
310000.0,1410.165029922304
328000.0,1410.165029922304
749995.0,1410.165029922304
369000.0,1410.1650299222988
225000.0,1410.165029922303
577500.0,1410.165029922304
350000.0,1410.1650299222906
340000.0,1410.1650299223033
265000.0,1410.165029922304
448000.0,1410.165029922301
461000.0,1410.165029922292
180000.0,1410.1650299076487
235000.0,1410.165029922301
355000.0,1410.1650299220369
497000.0,1410.1650299223033
462000.0,1410.165029922301
190000.0,1410.165029922301
352500.0,1410.1650299222904
532170.0,1410.165029922292
245000.0,1410.1650299203145
475000.0,1410.1650299222902
575000.0,1410.1650299222829
336800.0,1410.165029922304
412000.0,1410.1650299223038
665000.0,1410.1650299222747
199950.0,1410.165029922303
545000.0,1410.165029922304
309000.0,1410.1650299222797
530000.0,1410.1650299223033
654000.0,1410.165029922304
400000.0,1410.165029922304
349950.0,1410.1650299223038
842500.0,1410.165029922304
325000.0,1410.1650299219095
335000.0,1410.1650299220814
432000.0,1410.1650299223006
580000.0,1410.1650299223022
333500.0,1410.1650299222968
149500.0,1410.1650299222947
365000.0,1410.165029922304
487028.0,1410.1650299220794
525000.0,1410.1650299223038
260000.0,1410.1650299222827
250000.0,1410.1650299223038
399000.0,1410.1650299223038
405000.0,1410.1650299223024
382000.0,1410.1650299222943
230000.0,1410.1650299222965
344950.0,1410.165029922282
432000.0,1410.165029922302
515000.0,1410.165029922304
440000.0,1410.1650299223024
515000.0,1410.1650299223033
660000.0,1410.165029922304
305000.0,1410.1650299223038
400000.0,1410.1650299215753
390000.0,1410.1650299223036
353500.0,1410.1650299221992
228000.0,1410.165029922298
463800.0,1410.1650299222938
425000.0,1410.1650299222988
410000.0,1410.1650299222856
689900.0,1410.165029922304
457000.0,1410.165029922304
580000.0,1410.165029922304
380000.0,1410.1650299222742
310000.0,1410.165029922304
239000.0,1410.1650299219089
258000.0,1410.165029922287
292000.0,1410.1650299223038
361600.0,1410.1650299206362
557500.0,1410.165029922304
312500.0,1410.1650299222797
363000.0,1410.1650299222833
400000.0,1410.1650299223033
342000.0,1410.165029922304
306000.0,1410.1650299222397
311300.0,1410.1650299222106
545000.0,1410.165029922304
455000.0,1410.1650299221824
417250.0,1410.165029922298
245000.0,1410.1650299223038
800000.0,1410.165029922304
200000.0,1410.1650299210996
355000.0,1410.165029922304
228950.0,1410.165029921882
375000.0,1410.165029922103
540000.0,1410.1650299222556
305500.0,1410.1650299222954
315000.0,1410.1650299222842
352000.0,1410.165029922304
335000.0,1410.1650299222572
475000.0,1410.1650299222952
430000.0,1410.165029922304
970000.0,1410.165029922304
290000.0,1410.165029922304
270000.0,1410.165029922303
305000.0,1410.165029922304
460500.0,1410.165029922293
665000.0,1410.1650299223031
489950.0,1410.165029922304
333500.0,1410.165029922304
351000.0,1410.165029922304
280000.0,1410.1650299223022
420000.0,1410.1650299223027
485000.0,1410.165029922304
550000.0,1410.165029922304
257000.0,1410.165029922304
451300.0,1410.1650299222524
310000.0,1410.1650299220819
376950.0,1410.165029922304
345000.0,1410.165029922304
544300.0,1410.165029922304
378800.0,1410.165029922304
380000.0,1410.165029922302
200000.0,1410.1650299216353
230000.0,1410.1650299223008
480000.0,1410.1650299223036
126500.0,1410.165029922254
415000.0,1410.1650299223038
261350.0,1410.165029922304
320000.0,1410.1650299221865
269000.0,1410.1650299222965
515700.0,1410.165029922304
470000.0,1410.165029922304
455800.0,1410.1650299222952
915557.0,1410.165029922304
313000.0,1410.165029922304
787500.0,1410.1650299223024
240000.0,1410.165029922304
700000.0,1410.1650299223038
750500.0,1410.165029922304
300000.0,1410.1650299222988
589000.0,1410.1650299223038
726000.0,1410.165029922304
569500.0,1410.1650299223015
572650.0,1410.165029922304
352500.0,1410.1650299222817
370000.0,1410.165029922304
328000.0,1410.1650299177486
295000.0,1410.165029922304
419000.0,1410.1650299223006
200000.0,1410.1650299223033
455000.0,1410.1650299215555
705000.0,1410.1650299223024
446000.0,1410.165029922303
659000.0,1410.165029922304
483000.0,1410.1650299222586
375000.0,1410.1650299222943
541338.0,1410.1650299223036
325000.0,1410.165029922304
235000.0,1410.165029922302
211000.0,1410.1650299223031
570000.0,1410.165029922286
370000.0,1410.165029922304
665000.0,1410.165029922304
390000.0,1410.165029922304
760000.0,1410.165029922304
592500.0,1410.1650299223024
151600.0,1410.1650299222952
646000.0,1410.165029922304
925000.0,1410.165029922304
407000.0,1410.165029921572
480000.0,1410.1650299223033
336000.0,1410.1650299221192
410000.0,1410.1650299223022
525000.0,1410.1650299223038
234000.0,1410.1650299219152
415000.0,1410.165029922304
747000.0,1410.1650299222924
350000.0,1410.1650299222606
350000.0,1410.165029922304
246000.0,1410.1650299222997
550000.0,1410.165029922295
355300.0,1410.165029922304
286285.0,1410.1650299223031
206000.0,1410.1650299221128
725000.0,1410.165029922304
486940.0,1410.165029922304
465000.0,1410.165029922098
406000.0,1410.1650299223022
883000.0,1410.165029922304
334950.0,1410.165029922304
465000.0,1410.165029922304
350000.0,1410.165029922167
425000.0,1410.1650299222943
465000.0,1410.1650299222806
405000.0,1410.1650299222983
300000.0,1410.1650299213975
390000.0,1410.1650299223038
638500.0,1410.165029922304
925000.0,1410.1650299223015
165000.0,1410.1650299221426
667000.0,1410.1650299222968
289000.0,1410.1650299200787
473000.0,1410.165029922304
530000.0,1410.1650299223038
435000.0,1410.165029922295
419900.0,1410.165029922304
475000.0,1410.1650299222988
290000.0,1410.1650299222479
309000.0,1410.1650299223008
292500.0,1410.1650299223038
305000.0,1410.165029922258
597400.0,1410.1650299223038
569500.0,1410.165029922304
294950.0,1410.165029922183
450000.0,1410.165029922304
374500.0,1410.165029922304
686500.0,1410.165029922303
125000.0,1410.1650299214966
502000.0,1410.1650299223033
718000.0,1410.1650299223018
367500.0,1410.1650299223015
377000.0,1410.1650299223031
437000.0,1410.1650299222938
339000.0,1410.165029922214
302500.0,1410.165029922304
355000.0,1410.165029922302
534950.0,1410.165029922304
382000.0,1410.1650299223022
279000.0,1410.1650299222892
690000.0,1410.165029922304
589000.0,1410.165029922304
559950.0,1410.1650299223031
413565.0,1410.165029922285
250000.0,1410.165029922304
241000.0,1410.1650299223006
439950.0,1410.165029922304
369900.0,1410.1650299223004
442000.0,1410.165029922304
700000.0,1410.165029922303
400000.0,1410.1650299222904
1013050.0,1410.165029922304
539950.0,1410.165029922304
455950.0,1410.165029922304
325000.0,1410.1650299221085
607500.0,1410.165029922304
452000.0,1410.1650299222406
254500.0,1410.165029922304
300000.0,1410.1650299223033
681500.0,1410.165029922304
500000.0,1410.1650299223033
299000.0,1410.1650299223033
430000.0,1410.165029922304
279500.0,1410.1650299223002
330000.0,1410.165029922303
200000.0,1410.1650299223036
180000.0,1410.1650299214516
330675.0,1410.1650299222933
123300.0,1410.1650299222986
401000.0,1410.165029922304
419995.0,1410.1650299223033
575000.0,1410.1650299223038
385000.0,1410.1650299223033
635000.0,1410.165029922304
405000.0,1410.165029922262
288400.0,1410.1650299222947
210000.0,1410.1650299223015
239950.0,1410.1650299223038
342000.0,1410.165029917337
270000.0,1410.1650299223036
403000.0,1410.1650299144624
515000.0,1410.165029922301
518000.0,1410.165029922304
274000.0,1410.1650299222479
302000.0,1410.1650299222906
206990.0,1410.1650299223013
458500.0,1410.165029922298
249000.0,1410.1650299223033
849000.0,1410.165029922304
298000.0,1410.1650299223038
533500.0,1410.1650299223033
443000.0,1410.165029922304
290000.0,1410.1650299212506
432000.0,1410.165029921814
345000.0,1410.1650299213945
416000.0,1410.1650299223033
350000.0,1410.1650299222154
472800.0,1410.1650299223033
615000.0,1410.165029922304
169000.0,1410.165029922303
885000.0,1410.165029922304
321000.0,1410.165029922304
351000.0,1410.1650299222927
237000.0,1410.1650299222956
837000.0,1410.165029922304
305000.0,1410.165029920283
453000.0,1410.165029922304
600000.0,1410.165029922304
462600.0,1410.1650299222993
235000.0,1410.165029922296
415000.0,1410.1650299223038
445000.0,1410.1650299222495
528000.0,1410.1650299223038
294000.0,1410.165029922293
275000.0,1410.1650299222592
204950.0,1410.1650299222556
520000.0,1410.1650299223022
353000.0,1410.165029922303
682000.0,1410.1650299214534
740000.0,1410.165029922303
259950.0,1410.1650299214025
285000.0,1410.165029922304
195000.0,1410.1650299222556
270000.0,1410.1650299222747
469000.0,1410.165029922304
541100.0,1410.165029922304
520000.0,1410.165029922304
370000.0,1410.1650299222692
325000.0,1410.1650299222451
495000.0,1410.1650299223038
310000.0,1410.165029922304
299900.0,1410.165029922266
392000.0,1410.1650299222997
362500.0,1410.1650299222965
900000.0,1410.165029922289
665000.0,1410.165029922304
496800.0,1410.165029922303
635000.0,1410.1650299222001
535000.0,1410.1650299223038
585000.0,1410.165029922304
464000.0,1410.165029922304
600600.0,1410.165029922304
200000.0,1410.165029922281
267000.0,1410.1650299223002
190000.0,1410.1650299222858
410000.0,1410.165029922304
363000.0,1410.165029922304
499000.0,1410.165029922304
96500.0,1410.1650299221055
258000.0,1410.1650299223038
295000.0,1410.1650299222915
350000.0,1410.1650299222824
435000.0,1410.165029922304
330000.0,1410.1650299222927
284200.0,1410.1650299223002
316000.0,1410.165029922304
625000.0,1410.165029922304
450000.0,1410.165029922304
405000.0,1410.1650299223033
450000.0,1410.165029922303
397000.0,1410.1650299223004
250000.0,1410.1650299223038
630000.0,1410.1650299223033
430000.0,1410.1650299223038
239000.0,1410.165029922298
280000.0,1410.1650299217838
220000.0,1410.165029922183
410000.0,1410.1650299222952
600000.0,1410.165029922304
575000.0,1410.165029922304
400000.0,1410.1650299213807
710000.0,1410.165029922304
506000.0,1410.165029922303
252000.0,1410.1650299223033
750000.0,1410.1650299223008
544500.0,1410.165029922304
336000.0,1410.1650299223038
158000.0,1410.1650299222983
255000.0,1410.1650299223036
363000.0,1410.165029922304
500000.0,1410.165029922304
751000.0,1410.165029922304
760000.0,1410.165029922304
269000.0,1410.1650299222936
450000.0,1410.165029922304
340000.0,1410.1650299223006
664500.0,1410.165029922304
165000.0,1410.1650299222044
199000.0,1410.1650299223027
611000.0,1410.165029922304
280500.0,1410.1650299222715
502000.0,1410.1650299223015
370000.0,1410.1650299222947
245000.0,1410.1650299222883
215000.0,1410.16502992221
760000.0,1410.1650299223038
305000.0,1410.1650299223013
475000.0,1410.165029922303
515000.0,1410.1650299223038
680000.0,1410.165029922304
216000.0,1410.165029922167
315000.0,1410.165029922304
205000.0,1410.1650299218832
390000.0,1410.1650299213807
625000.0,1410.165029922304
612500.0,1410.165029922304
250000.0,1410.1650299069502
285000.0,1410.1650299222847
559000.0,1410.1650299222983
390000.0,1410.165029922304
366000.0,1410.1650299150356
295000.0,1410.1650299222308
357500.0,1410.1650299221826
236775.0,1410.165029922304
411715.0,1410.1650299223018
349950.0,1410.165029922304
359950.0,1410.1650299223024
260000.0,1410.1650299223036
482500.0,1410.1650299222924
289000.0,1410.1650299223031
236000.0,1410.1650299223038
995000.0,1410.165029922304
380000.0,1410.165029922304
705640.0,1410.165029922304
310000.0,1410.1650299223
525000.0,1410.165029922304
280000.0,1410.1650299223036
300000.0,1410.1650299222933
434975.0,1410.1650299223006
315275.0,1410.1650299222895
195000.0,1410.1650299223024
419950.0,1410.165029922304
812000.0,1410.165029922304
260000.0,1410.1650299222952
625000.0,1410.165029922304
522500.0,1410.1650299222847
340000.0,1410.165029922304
325000.0,1410.165029922304
240000.0,1410.1650299223033
384000.0,1410.165029922174
529900.0,1410.165029922304
572000.0,1410.165029922304
435000.0,1410.1650299222192
215000.0,1410.1650299222847
330000.0,1410.1650299222924
340000.0,1410.165029919618
294000.0,1410.1650299220316
740000.0,1410.165029922304
424950.0,1410.165029922304
537250.0,1410.165029922304
175000.0,1410.165029921809
450000.0,1410.165029922304
492000.0,1410.1650299222988
375000.0,1410.165029922292
386000.0,1410.165029922291
430000.0,1410.1650299222372
410000.0,1410.165029922304
325000.0,1410.1650299195792
450000.0,1410.1650299222986
248000.0,1410.1650299222947
890000.0,1410.1650299223038
840000.0,1410.1650299223024
540000.0,1410.1650299223033
561000.0,1410.165029922304
360000.0,1410.1650299222858
394900.0,1410.1650299222995
750000.0,1410.165029922304
607000.0,1410.165029922301
411500.0,1410.1650299221362
479000.0,1410.165029922304
315000.0,1410.1650299223027
230000.0,1410.1650299221042
600000.0,1410.1650299223006
285000.0,1410.1650299196638
235000.0,1410.1650299215125
280000.0,1410.1650299222674
300000.0,1410.1650299220023
405000.0,1410.1650299223022
437000.0,1410.1650299221849
370000.0,1410.1650299222933
850000.0,1410.165029922304
179000.0,1410.1650299222129
538000.0,1410.165029922304
600000.0,1410.165029922304
305000.0,1410.1650299223031
549000.0,1410.165029922304
319000.0,1410.165029922304
660000.0,1410.165029922304
398000.0,1410.1650299223004
299950.0,1410.165029922303
230000.0,1410.1650299218454
291600.0,1410.1650299222931
264000.0,1410.1650299223033
425000.0,1410.165029922304
260000.0,1410.1650299223022
519000.0,1410.165029922304
330000.0,1410.165029922304
592500.0,1410.1650299222995
539500.0,1410.165029922304
630100.0,1410.165029922304
230000.0,1410.1650299223033
349000.0,1410.165029922302
175000.0,1410.1650299220198
585000.0,1410.1650299222892
381000.0,1410.165029922304
447000.0,1410.1650299216617
315000.0,1410.1650299222842
525000.0,1410.1650299222993
505000.0,1410.1650299223036
158000.0,1410.1650299223038
447500.0,1410.165029922304
310000.0,1410.1650299221828
529000.0,1410.1650299223033
198000.0,1410.165029922303
605000.0,1410.1650299222995
930000.0,1410.165029922304
564500.0,1410.165029922304
365000.0,1410.165029922304
565000.0,1410.165029922304
415000.0,1410.1650299223022
250000.0,1410.1650299222883
665000.0,1410.165029922304
415000.0,1410.165029922064
339900.0,1410.165029922293
478000.0,1410.1650299223
255000.0,1410.165029922303
815000.0,1410.165029922304
273000.0,1410.1650299223038
453500.0,1410.1650299220323
310000.0,1410.1650299223018
450000.0,1410.165029921532
319000.0,1410.1650299223033
509000.0,1410.1650299223031
332500.0,1410.1650299223038
225000.0,1410.1650299223038
249000.0,1410.165029922301
180000.0,1410.1650299222042
619420.0,1410.165029922304
469000.0,1410.165029922304
439000.0,1410.165029922292
345000.0,1410.1650299221249
380000.0,1410.165029922304
312000.0,1410.165029922304
367500.0,1410.1650299223033
420000.0,1410.1650299223033
263000.0,1410.1650299223018
320000.0,1410.165029922304
624000.0,1410.1650299223038
450000.0,1410.165029922304
183750.0,1410.1650299223033
658100.0,1410.165029922304
410000.0,1410.1650299204257
345000.0,1410.165029921041
286000.0,1410.1650299223027
271920.0,1410.1650299223022
518000.0,1410.165029922304
399500.0,1410.165029922304
410000.0,1410.165029922304
915000.0,1410.165029922304
607000.0,1410.165029922304
287000.0,1410.1650299223006
280000.0,1410.1650299222977
509900.0,1410.165029922304
985000.0,1410.165029922304
353500.0,1410.1650299218145
840500.0,1410.165029922304
750000.0,1410.165029922304
445000.0,1410.1650299223033
268000.0,1410.1650299223033
285000.0,1410.1650299213952
420000.0,1410.1650299222922
395000.0,1410.165029921952
452000.0,1410.165029922304
165050.0,1410.165029922248
650000.0,1410.1650299223008
595000.0,1410.165029922303
389999.0,1410.165029922075
480000.0,1410.1650299223027
495000.0,1410.165029922277
330000.0,1410.165029922273
230000.0,1410.165029922286
891000.0,1410.165029922304
270000.0,1410.1650299223033
306000.0,1410.165029922304
329000.0,1410.165029922263
521000.0,1410.165029922304
292500.0,1410.1650299223027
360000.0,1410.1650299222933
407000.0,1410.1650299222995
343000.0,1410.1650299222808
504975.0,1410.1650299223006
253400.0,1410.1650299223038
330000.0,1410.1650299222963
387000.0,1410.165029922076
522000.0,1410.165029922303
517000.0,1410.165029922301
690700.0,1410.165029922304
895000.0,1410.1650299223038
237950.0,1410.1650299222968
404763.0,1410.165029922286
252500.0,1410.165029922304
370000.0,1410.1650299222956
399950.0,1410.165029922302
337000.0,1410.1650299222974
511500.0,1410.1650299222983
392500.0,1410.1650299223031
370000.0,1410.1650299215746
450000.0,1410.1650299222051
340000.0,1410.165029922304
385000.0,1410.165029922303
654000.0,1410.165029922304
572800.0,1410.165029922304
849950.0,1410.165029922304
408000.0,1410.1650299222965
304000.0,1410.1650299223038
625000.0,1410.165029922304
446450.0,1410.1650299223022
690000.0,1410.165029922304
398950.0,1410.165029922304
547500.0,1410.165029922304
680000.0,1410.165029922304
255000.0,1410.1650299223033
790000.0,1410.165029922034
365000.0,1410.16502992155
445000.0,1410.1650299222854
660000.0,1410.1650299223038
720168.0,1410.1650299223038
390000.0,1410.165029922036
970000.0,1410.1650299202854
585000.0,1410.1650299223013
235000.0,1410.1650299222665
339950.0,1410.1650299223038
875000.0,1410.1650299223033
381000.0,1410.165029922304
445000.0,1410.165029922304
490000.0,1410.165029922304
405000.0,1410.165029922304
475000.0,1410.165029922303
577500.0,1410.165029922279
500000.0,1410.1650299223038
250000.0,1410.1650299221976
293000.0,1410.165029922304
443750.0,1410.1650299220385
281000.0,1410.1650299222983
231500.0,1410.165029922301
403000.0,1410.1650299222997
530000.0,1410.1650299223022
380000.0,1410.1650299220746
325000.0,1410.165029922304
333490.0,1410.1650299223038
450000.0,1410.1650299219577
530000.0,1410.165029922304
219900.0,1410.1650299222028
260000.0,1410.165029922304
560000.0,1410.165029922304
465250.0,1410.165029922304
200000.0,1410.1650299177422
477000.0,1410.165029922298
297500.0,1410.165029922304
480000.0,1410.165029922304
595000.0,1410.165029922304
477000.0,1410.1650299222688
200000.0,1410.1650299222838
300000.0,1410.1650299222943
234000.0,1410.1650299222733
620000.0,1410.165029922304
445000.0,1410.165029922304
399950.0,1410.165029922265
182500.0,1410.165029922302
275000.0,1410.1650299223033
290500.0,1410.1650299223006
357000.0,1410.1650299223004
510000.0,1410.1650299223033
347000.0,1410.165029922261
260000.0,1410.1650299223031
230000.0,1410.1650299222479
300000.0,1410.165029922292
690000.0,1410.165029922304
620000.0,1410.165029922066
630000.0,1410.165029922304
223000.0,1410.165029922301
380000.0,1410.1650299200535
425000.0,1410.1650299222892
549000.0,1410.165029922304
663000.0,1410.1650299223024
889000.0,1410.165029922304
825000.0,1410.165029922304
345000.0,1410.1650299223031
323400.0,1410.165029922304
240000.0,1410.165029922304
710000.0,1410.1650299223038
265000.0,1410.1650299223033
505000.0,1410.165029922304
865000.0,1410.165029922304
386380.0,1410.1650299222947
581000.0,1410.1650299223038
393000.0,1410.165029922304
249950.0,1410.1650299222986
370000.0,1410.1650299223038
799950.0,1410.165029922304
280000.0,1410.1650299220676
449000.0,1410.165029922303
730000.0,1410.165029922304
410000.0,1410.1650299223038
352000.0,1410.1650299223038
346000.0,1410.1650299222954
565000.0,1410.165029922304
430000.0,1410.1650299223033
216600.0,1410.1650299222943
800000.0,1410.165029922304
609950.0,1410.165029922304
570000.0,1410.1650299222956
488000.0,1410.1650299223015
480500.0,1410.165029922304
490000.0,1410.1650299223038
539000.0,1410.165029922304
552500.0,1410.1650299221296
495000.0,1410.165029922304
500000.0,1410.1650299223038
260000.0,1410.165029922302
419500.0,1410.165029922273
708000.0,1410.165029922304
279000.0,1410.1650299223038
600000.0,1410.165029922304
625000.0,1410.165029922304
779950.0,1410.165029922304
440000.0,1410.165029922304
260000.0,1410.1650299223022
405000.0,1410.1650299214357
645000.0,1410.165029922304
268000.0,1410.165029922303
463000.0,1410.165029922304
500000.0,1410.165029922304
507950.0,1410.165029922304
542000.0,1410.1650299223038
1000000.0,1410.165029922304
454900.0,1410.165029922304
680000.0,1410.165029922304
405000.0,1410.165029922294
315000.0,1410.1650299222943
357000.0,1410.165029922304
575000.0,1410.16502992229
280000.0,1410.1650299223038
340000.0,1410.1650299223006
350000.0,1410.1650299219211
635000.0,1410.1650299223038
567000.0,1410.165029922304
298500.0,1410.1650299223033
360400.0,1410.165029922304
355000.0,1410.1650299223038
695000.0,1410.165029922304
418000.0,1410.165029922304
208633.0,1410.1650299223036
345000.0,1410.1650299222947
615500.0,1410.1650299222742
215000.0,1410.1650299222852
400000.0,1410.1650299221676
202950.0,1410.1650299221099
605000.0,1410.165029922304
479000.0,1410.165029922304
326995.0,1410.1650299223022
432100.0,1410.1650299222997
870515.0,1410.165029922304
505000.0,1410.1650299222943
475500.0,1410.1650299223024
310000.0,1410.1650299223038
601000.0,1410.1650299223038
410000.0,1410.1650299223015
332000.0,1410.165029922304
235000.0,1410.1650299222702
340000.0,1410.1650299223008
685000.0,1410.1650299223013
283000.0,1410.1650299223033
237000.0,1410.1650299222879
349950.0,1410.1650299222897
285000.0,1410.1650299222613
931088.0,1410.165029922304
820000.0,1410.165029922304
386000.0,1410.165029922304
415000.0,1410.1650299221967
318000.0,1410.1650299223038
415000.0,1410.165029922287
240000.0,1410.1650299222997
293000.0,1410.1650299222335
333000.0,1410.165029922304
185000.0,1410.1650299223004
190000.0,1410.165029922304
425000.0,1410.1650299222836
490000.0,1410.1650299222874
275000.0,1410.1650299223036
300523.0,1410.165029922304
481000.0,1410.165029922304
455000.0,1410.165029922302
290000.0,1410.165029922301
389000.0,1410.1650299222938
625000.0,1410.1650299218734
420000.0,1410.165029922215
1014250.0,1410.165029922304
530000.0,1410.165029922304
275000.0,1410.1650299223018
349000.0,1410.1650299222442
280000.0,1410.165029922302
515000.0,1410.165029922304
315000.0,1410.165029922304
572000.0,1410.1650299223033
270000.0,1410.1650299223022
310000.0,1410.1650299223024
375000.0,1410.165029922304
471000.0,1410.1650299220903
300000.0,1410.1650299222888
305000.0,1410.1650299222988
430000.0,1410.165029922304
445000.0,1410.165029922304
689000.0,1410.165029922304
775000.0,1410.165029922304
329000.0,1410.165029922304
552500.0,1410.165029922304
260000.0,1410.1650299223008
350000.0,1410.1650299221171
276000.0,1410.1650299033117
250000.0,1410.1650299223033
282000.0,1410.1650299222708
230000.0,1410.165029922296
374500.0,1410.165029922304
330000.0,1410.165029922304
339950.0,1410.1650299222995
675000.0,1410.165029922304
462000.0,1410.165029922304
710000.0,1410.165029922304
365000.0,1410.165029922304
450000.0,1410.1650299223038
720000.0,1410.1650299222974
367000.0,1410.165029922304
307000.0,1410.165029922304
245000.0,1410.1650299222647
510000.0,1410.165029922304
443500.0,1410.165029922304
359800.0,1410.165029922304
519500.0,1410.1650299223033
369950.0,1410.165029922304
279000.0,1410.165029922304
322000.0,1410.1650299222351
176000.0,1410.1650299219875
576000.0,1410.165029922304
602000.0,1410.165029922302
255000.0,1410.1650299222956
775000.0,1410.165029922304
310000.0,1410.1650299221221
456000.0,1410.1650299223038
476900.0,1410.1650299222817
296500.0,1410.165029922304
230000.0,1410.1650299222993
809000.0,1410.165029922304
350000.0,1410.1650299166345
323000.0,1410.1650299223038
550000.0,1410.165029922304
550000.0,1410.165029922304
474950.0,1410.1650299223006
316000.0,1410.165029922304
570000.0,1410.1650299223024
275000.0,1410.1650299223027
320000.0,1410.165029922275
160000.0,1410.1650299222101
459000.0,1410.165029922304
348000.0,1410.165029922304
290000.0,1410.1650299222722
627500.0,1410.165029922304
455000.0,1410.1650299222622
374000.0,1410.1650299223038
490000.0,1410.1650299220778
392500.0,1410.165029921857
822000.0,1410.165029922304
406000.0,1410.1650299222943
250000.0,1410.1650299222747
312900.0,1410.1650299223027
555000.0,1410.1650299223036
310000.0,1410.1650299221428
380000.0,1410.165029922304
265000.0,1410.1650299223038
475000.0,1410.165029922303
480000.0,1410.165029922304
889000.0,1410.165029922304
635000.0,1410.165029922304
465000.0,1410.1650299222729
620000.0,1410.1650299223027
445000.0,1410.165029922304
389000.0,1410.165029922304
577000.0,1410.1650299222688
560000.0,1410.1650299222983
385000.0,1410.1650299218722
875000.0,1410.1650299223027
450000.0,1410.1650299222858
240000.0,1410.1650299222547
554729.0,1410.165029922304
580000.0,1410.1650299222904
395000.0,1410.1650299223033
219950.0,1410.1650299223033
289900.0,1410.1650299223033
369000.0,1410.165029922304
495000.0,1410.165029922303
701000.0,1410.165029922304
279000.0,1410.165029922304
229950.0,1410.1650299213143
313999.0,1410.165029922302
518000.0,1410.165029922304
353000.0,1410.1650299221683
210000.0,1410.165029922248
572500.0,1410.165029922304
1005000.0,1410.165029922304
572500.0,1410.165029922304
535000.0,1410.165029922304
340000.0,1410.165029922304
234950.0,1410.1650299222988
307700.0,1410.165029922304
500000.0,1410.165029922304
862000.0,1410.165029922304
630000.0,1410.1650299223036
632500.0,1410.165029922304
405000.0,1410.165029922304
637500.0,1410.165029922304
196000.0,1410.1650299220842
485000.0,1410.165029922304
210500.0,1410.1650299222829
253000.0,1410.1650299223033
290000.0,1410.1650299215944
279900.0,1410.1650299223031
622000.0,1410.1650299223013
542000.0,1410.1650299223033
319000.0,1410.1650299223024
280000.0,1410.165029922304
302300.0,1410.165029922304
209950.0,1410.1650299208254
260000.0,1410.1650299223038
379900.0,1410.1650299223038
318000.0,1410.1650299222533
173000.0,1410.1650299222824
727000.0,1410.165029922304
388500.0,1410.165029922117
335000.0,1410.165029922304
339950.0,1410.165029922304
380000.0,1410.1650299222983
570000.0,1410.165029922304
460000.0,1410.1650299222747
270000.0,1410.1650299223027
620000.0,1410.165029922304
563500.0,1410.165029922304
513000.0,1410.165029922304
425000.0,1410.165029922304
216000.0,1410.1650299223033
290000.0,1410.165029922304
730000.0,1410.165029922304
380000.0,1410.165029922304
199500.0,1410.1650299222842
425000.0,1410.1650299216883
430000.0,1410.16502992229
690000.0,1410.1650299222697
345000.0,1410.1650299222438
368000.0,1410.1650299222738
755000.0,1410.165029922304
268500.0,1410.1650299223013
540000.0,1410.1650299223033
342000.0,1410.165029922304
439950.0,1410.165029922304
325088.0,1410.165029922268
283000.0,1410.165029922301
300000.0,1410.1650299223004
690500.0,1410.165029922304
585000.0,1410.165029922304
359900.0,1410.165029922304
330000.0,1410.165029922304
475000.0,1410.1650299221892
218500.0,1410.1650299223018
335000.0,1410.1650299222993
438924.0,1410.1650299221938
230000.0,1410.1650299223024
605000.0,1410.1650299223038
205000.0,1410.1650299223024
870000.0,1410.165029922304
466000.0,1410.1650299217713
345000.0,1410.1650299223033
222000.0,1410.1650299222642
304950.0,1410.165029922291
437500.0,1410.1650299223027
229950.0,1410.1650299223027
591000.0,1410.1650299223
387500.0,1410.1650299222847
244000.0,1410.1650299222993
449999.0,1410.1650299223038
575000.0,1410.165029922134
605000.0,1410.165029922304
450000.0,1410.1650299207968
710000.0,1410.165029922304
580000.0,1410.1650299223015
600000.0,1410.165029922304
335000.0,1410.165029922304
725000.0,1410.1650299223033
592000.0,1410.165029922304
257500.0,1410.1650299222956
350000.0,1410.1650299223002
251200.0,1410.1650299222879
855000.0,1410.165029922304
435000.0,1410.165029922304
255000.0,1410.1650299222888
710000.0,1410.1650299223024
230000.0,1410.1650299223022
299000.0,1410.165029922304
397500.0,1410.1650299222924
207950.0,1410.1650299220687
380000.0,1410.1650299222927
197500.0,1410.165029922304
460000.0,1410.165029922304
722000.0,1410.1650299223038
291000.0,1410.165029922304
440000.0,1410.165029922302
289000.0,1410.1650299223038
380000.0,1410.165029922304
499950.0,1410.165029922026
739000.0,1410.165029922304
280000.0,1410.165029922304
575000.0,1410.165029922304
335000.0,1410.1650299223002
260000.0,1410.1650299223033
255000.0,1410.165029922303
675900.0,1410.165029922304
509000.0,1410.1650299222706
347500.0,1410.1650299222817
210000.0,1410.1650299223024
608000.0,1410.165029922304
450000.0,1410.1650299223038
590000.0,1410.165029922304
180000.0,1410.165029922301
539000.0,1410.1650299223033
196440.0,1410.165029922241
655000.0,1410.1650299223038
675000.0,1410.1650299223022
465000.0,1410.165029922304
245560.0,1410.165029922287
670000.0,1410.165029922304
375000.0,1410.165029922304
220650.0,1410.1650299222838
405000.0,1410.165029922304
490000.0,1410.1650299223038
610000.0,1410.165029922304
440000.0,1410.1650299222708
580000.0,1410.165029922304
750000.0,1410.165029922304
555000.0,1410.165029922303
453000.0,1410.1650299223033
334950.0,1410.165029922304
640000.0,1410.1650299222606
415000.0,1410.165029919907
367400.0,1410.1650299222822
390000.0,1410.165029922304
314963.0,1410.1650299207226
210000.0,1410.1650299223
308000.0,1410.165029922304
350000.0,1410.165029920141
220000.0,1410.1650299223024
207000.0,1410.1650299223038
327000.0,1410.1650299223038
557000.0,1410.165029922304
259900.0,1410.1650299223015
637000.0,1410.1650299223018
310000.0,1410.1650299221355
711800.0,1410.165029922304
570000.0,1410.165029922304
695000.0,1410.165029922304
187000.0,1410.165029922094
285000.0,1410.1650299222947
399000.0,1410.1650299222936
487275.0,1410.165029922304
460000.0,1410.165029922106
353000.0,1410.1650299222993
350000.0,1410.165029922304
605000.0,1410.165029922304
169950.0,1410.1650299222645
339950.0,1410.165029922304
329990.0,1410.165029922304
210000.0,1410.1650299222974
477000.0,1410.1650299222997
575000.0,1410.165029922304
825000.0,1410.165029922304
505000.0,1410.1650299222763
429000.0,1410.1650299223038
305000.0,1410.165029922304
219000.0,1410.1650299223024
360000.0,1410.165029922285
260000.0,1410.1650299223038
350000.0,1410.1650299222956
250000.0,1410.1650299223033
252500.0,1410.1650299221403
510000.0,1410.1650299222238
465000.0,1410.165029922304
259000.0,1410.165029922304
205000.0,1410.1650299222972
648000.0,1410.165029922304
461000.0,1410.1650299223038
425000.0,1410.165029922302
280000.0,1410.1650299222933
278000.0,1410.165029922304
849000.0,1410.165029922304
254000.0,1410.1650299223036
442250.0,1410.165029922304
290000.0,1410.1650299217395
453000.0,1410.1650299223022
676000.0,1410.165029922304
237500.0,1410.165029922297
257500.0,1410.165029922302
323000.0,1410.165029922304
435000.0,1410.1650299222981
429000.0,1410.165029922302
340000.0,1410.1650299222692
540000.0,1410.165029922303
545000.0,1410.165029922304
299000.0,1410.165029922304
265000.0,1410.1650299223036
415000.0,1410.1650299220023
690000.0,1410.1650299223024
225000.0,1410.1650299222565
212500.0,1410.165029922286
627000.0,1410.165029922304
680000.0,1410.165029922304
384000.0,1410.165029922298
220000.0,1410.1650299223033
796000.0,1410.165029922304
598992.0,1410.165029922304
575000.0,1410.165029922303
645000.0,1410.165029922304
370000.0,1410.165029922136
740000.0,1410.165029922304
428000.0,1410.1650299223022
185000.0,1410.1650299220998
689500.0,1410.1650299223031
549995.0,1410.165029922304
188000.0,1410.1650299222872
643000.0,1410.165029922304
436000.0,1410.165029922304
390000.0,1410.165029922304
242000.0,1410.1650299223024
375000.0,1410.1650299223004
467500.0,1410.1650299222638
875000.0,1410.165029922304
560000.0,1410.1650299221753
543000.0,1410.1650299223
210000.0,1410.1650299223031
548000.0,1410.1650299222156
325000.0,1410.1650299222952
245000.0,1410.1650299223033
466000.0,1410.165029922302
925000.0,1410.165029922304
740000.0,1410.165029922304
291000.0,1410.165029922304
465000.0,1410.1650299222997
330000.0,1410.1650299223024
440500.0,1410.1650299222922
360000.0,1410.165029922304
391000.0,1410.1650299220587
266200.0,1410.165029922303
278000.0,1410.1650299222626
515000.0,1410.165029922267
245000.0,1410.1650299222952
695000.0,1410.1650299223038
160000.0,1410.165029922304
414950.0,1410.1650299223008
414000.0,1410.165029922304
750000.0,1410.165029922304
385000.0,1410.1650299223022
631500.0,1410.165029922304
660000.0,1410.1650299222902
750000.0,1410.165029922304
279950.0,1410.1650299223033
505000.0,1410.165029922304
545000.0,1410.165029922303
356000.0,1410.1650299222447
852000.0,1410.165029922304
439950.0,1410.1650299221812
268643.0,1410.165029922304
242500.0,1410.1650299221988
747450.0,1410.1650299222965
170000.0,1410.1650299153298
665000.0,1410.165029922304
257000.0,1410.1650299222756
585000.0,1410.165029922304
419950.0,1410.1650299222474
609000.0,1410.165029922304
599950.0,1410.165029922304
696000.0,1410.165029922304
530000.0,1410.165029922304
410000.0,1410.1650299221913
504600.0,1410.1650299223033
160000.0,1410.1650299222242
210000.0,1410.1650299222892
324900.0,1410.165029922304
219950.0,1410.1650299216967
489000.0,1410.1650299223038
200000.0,1410.1650299222854
499950.0,1410.1650299222981
394000.0,1410.1650299222965
463000.0,1410.1650299223018
325000.0,1410.165029922304
175000.0,1410.1650299222551
950000.0,1410.165029922304
490000.0,1410.1650299223036
485000.0,1410.165029922285
360000.0,1410.165029922304
625000.0,1410.165029922304
349950.0,1410.1650299223038
490000.0,1410.165029922304
230000.0,1410.1650299222506
458000.0,1410.165029922296
235000.0,1410.1650299223006
525300.0,1410.165029922304
420000.0,1410.1650299222044
315000.0,1410.1650299223
637000.0,1410.1650299222997
460000.0,1410.165029922304
268000.0,1410.1650299222968
311000.0,1410.1650299223002
303000.0,1410.1650299222724
517500.0,1410.165029922303
260000.0,1410.165029922304
362500.0,1410.1650299222938
100000.0,1410.1650299202156
335000.0,1410.165029922304
485000.0,1410.1650299222931
642000.0,1410.165029922304
710000.0,1410.1650299222224
325000.0,1410.1650299219104
475000.0,1410.1650299223015
216000.0,1410.165029922298
545000.0,1410.165029922293
210000.0,1410.1650299222808
752500.0,1410.165029922304
480000.0,1410.165029922304
480000.0,1410.1650299223033
510000.0,1410.165029922304
538900.0,1410.165029922304
235000.0,1410.165029922304
370000.0,1410.165029922304
267000.0,1410.165029922304
651000.0,1410.1650299223036
237000.0,1410.165029922261
535000.0,1410.1650299223022
339950.0,1410.1650299223018
543000.0,1410.165029922304
299000.0,1410.1650299218024
265000.0,1410.1650299219855
215000.0,1410.165029922303
252500.0,1410.165029922298
355000.0,1410.165029922304
658500.0,1410.1650299222988
315000.0,1410.165029922301
440000.0,1410.165029922304
320000.0,1410.165029922304
657000.0,1410.1650299223024
450000.0,1410.1650299223036
500000.0,1410.165029922304
244000.0,1410.1650299222902
470000.0,1410.165029922304
749000.0,1410.165029922304
498000.0,1410.1650299223036
362000.0,1410.1650299223033
475000.0,1410.1650299223031
700000.0,1410.165029922304
122000.0,1410.1650299190092
489900.0,1410.165029922304
320000.0,1410.1650299222852
330000.0,1410.1650299223024
250000.0,1410.1650299223031
340000.0,1410.1650299223002
557800.0,1410.1650299223038
512500.0,1410.1650299223038
482000.0,1410.165029922304
405000.0,1410.165029922304
500000.0,1410.1650299223022
689950.0,1410.165029922304
475226.0,1410.1650299223036
567500.0,1410.165029922293
182700.0,1410.1650299222927
200500.0,1410.1650299223033
875000.0,1410.1650299222993
585000.0,1410.165029922303
243500.0,1410.1650299185724
330000.0,1410.165029922304
697000.0,1410.165029922304
611000.0,1410.1650299223033
533000.0,1410.1650299223033
520000.0,1410.1650299220923
349900.0,1410.165029922304
285000.0,1410.165029922303
210000.0,1410.1650299210417
236000.0,1410.1650299222986
690000.0,1410.165029922304
935000.0,1410.165029922302
252000.0,1410.165029922304
425000.0,1410.1650299223008
225000.0,1410.1650299222924
388000.0,1410.1650299223033
475000.0,1410.1650299223002
399000.0,1410.165029922304
413000.0,1410.165029922304
540000.0,1410.1650299188855
618000.0,1410.1650299222779
250275.0,1410.1650299222931
300000.0,1410.1650299223036
591975.0,1410.165029922304
260250.0,1410.1650299223002
499000.0,1410.1650299223038
495000.0,1410.165029922292
325000.0,1410.1650299198088
687500.0,1410.1650299221649
429000.0,1410.1650299223022
317500.0,1410.165029922262
674000.0,1410.165029922304
382000.0,1410.1650299221621
195000.0,1410.165029922304
423000.0,1410.165029922303
603000.0,1410.1650299223036
349500.0,1410.1650299223038
540000.0,1410.165029922304
325000.0,1410.165029922304
527700.0,1410.165029922304
338800.0,1410.165029922302
204000.0,1410.1650299222422
409124.0,1410.165029922304
650000.0,1410.1650299223024
540000.0,1410.16502992217
197500.0,1410.1650299222338
243500.0,1410.1650299223031
442200.0,1410.1650299223033
625000.0,1410.1650299222922
750000.0,1410.165029922304
247000.0,1410.1650299223038
556000.0,1410.165029922304
524225.0,1410.165029922304
454200.0,1410.165029922304
473975.0,1410.1650299223033
221000.0,1410.1650299221878
239950.0,1410.1650299222908
257000.0,1410.1650299174876
775000.0,1410.165029922304
400000.0,1410.1650299223004
459000.0,1410.1650299215573
515000.0,1410.165029922304
335000.0,1410.165029922302
599950.0,1410.1650299222993
490000.0,1410.165029922304
518000.0,1410.1650299223036
475000.0,1410.1650299223015
260000.0,1410.1650299223022
427000.0,1410.1650299223038
250000.0,1410.1650299222974
450000.0,1410.165029922286
400000.0,1410.1650299219477
808000.0,1410.165029922304
248500.0,1410.1650299222936
485000.0,1410.1650299222933
595000.0,1410.165029922304
405000.0,1410.165029922303
915000.0,1410.165029922304
450000.0,1410.165029922304
297000.0,1410.165029922162
380000.0,1410.165029922304
315000.0,1410.165029921338
329000.0,1410.165029922284
255000.0,1410.165029922266
637500.0,1410.165029922304
342000.0,1410.165029922304
322000.0,1410.1650299223031
320000.0,1410.16502992228
490000.0,1410.1650299223038
387500.0,1410.1650299221997
595000.0,1410.1650299222938
700000.0,1410.1650299223
475000.0,1410.1650299222897
299500.0,1410.1650299222802
720000.0,1410.165029922304
230000.0,1410.1650299222858
500000.0,1410.165029922304
300000.0,1410.1650299223033
320000.0,1410.1650299223018
475000.0,1410.165029922303
465000.0,1410.165029922302
335000.0,1410.1650299222295
385000.0,1410.165029922304
169000.0,1410.1650299217401
305500.0,1410.165029922304
280000.0,1410.1650299221164
225000.0,1410.1650299222915
348000.0,1410.1650299222988
500000.0,1410.1650299222683
516000.0,1410.1650299222579
290000.0,1410.165029922297
526000.0,1410.165029922302
653000.0,1410.165029922304
490000.0,1410.165029916851
359950.0,1410.165029922304
229950.0,1410.1650299198475
550000.0,1410.1650299222974
495000.0,1410.165029922304
488000.0,1410.165029922304
525000.0,1410.1650299222986
565000.0,1410.165029922304
427500.0,1410.165029922304
555000.0,1410.165029922304
335000.0,1410.165029922304
250000.0,1410.165029922244
727000.0,1410.1650299223027
475000.0,1410.1650299222988
660000.0,1410.1650299223036
432000.0,1410.165029922304
522000.0,1410.1650299222342
454000.0,1410.1650299221797
523000.0,1410.1650299222968
320000.0,1410.1650299222915
284000.0,1410.1650299223038
500000.0,1410.165029922303
350000.0,1410.1650299223038
865000.0,1410.165029922304
170000.0,1410.165029921915
324500.0,1410.1650299222952
205000.0,1410.1650299221315
385000.0,1410.1650299222965
715000.0,1410.165029922304
228000.0,1410.165029922303
499950.0,1410.1650299223006
417000.0,1410.1650299223027
970000.0,1410.165029922304
540000.0,1410.1650299222842
389950.0,1410.1650299222883
278226.0,1410.165029922304
440000.0,1410.165029922304
451000.0,1410.1650299222983
383000.0,1410.1650299223033
213500.0,1410.165029922267
330000.0,1410.1650299223033
290000.0,1410.1650299222988
392500.0,1410.1650299223033
405000.0,1410.165029922279
735000.0,1410.165029922304
282000.0,1410.1650299222988
374000.0,1410.1650299209477
565000.0,1410.165029922303
551000.0,1410.1650299223022
965800.0,1410.165029922304
675000.0,1410.165029922304
195000.0,1410.1650299222647
245000.0,1410.165029922304
367950.0,1410.165029922303
840000.0,1410.1650299223013
355000.0,1410.165029922277
459500.0,1410.1650299212542
618000.0,1410.1650299223033
287000.0,1410.165029922304
341000.0,1410.165029922304
294500.0,1410.1650299222913
245500.0,1410.165029921903
455000.0,1410.165029922303
230500.0,1410.165029920896
398000.0,1410.16502992226
480000.0,1410.165029922304
399000.0,1410.165029921975
239000.0,1410.1650299222792
440000.0,1410.1650299223006
515000.0,1410.1650299223038
284000.0,1410.1650299222965
340000.0,1410.1650299222824
394950.0,1410.165029922304
216650.0,1410.1650299222943
360500.0,1410.165029922304
680000.0,1410.165029922304
540000.0,1410.165029922304
402000.0,1410.165029922293
317000.0,1410.1650299223027
589950.0,1410.1650299223036
607000.0,1410.1650299223033
287500.0,1410.165029922304
570000.0,1410.1650299223033
405000.0,1410.165029922301
286000.0,1410.1650299223033
326000.0,1410.1650299222997
400000.0,1410.165029922304
185000.0,1410.165029922283
405000.0,1410.1650299223036
500000.0,1410.1650299215005
226500.0,1410.1650299222993
950000.0,1410.1650299223033
430760.0,1410.165029922304
410000.0,1410.165029922304
445500.0,1410.1650299215578
352000.0,1410.165029922304
426000.0,1410.1650299223033
270000.0,1410.165029922304
245000.0,1410.1650299223006
450000.0,1410.1650299222692
235000.0,1410.1650299223006
241000.0,1410.1650299222686
502000.0,1410.1650299223006
385000.0,1410.1650299214398
425000.0,1410.1650299223036
820000.0,1410.165029922304
430000.0,1410.1650299222738
305000.0,1410.165029922304
528000.0,1410.1650299223038
440000.0,1410.165029922304
350000.0,1410.165029922304
396000.0,1410.1650299222943
487000.0,1410.165029922304
463000.0,1410.1650299221908
386000.0,1410.1650299220348
399000.0,1410.1650299222947
220000.0,1410.1650299222997
210000.0,1410.1650299221585
329950.0,1410.1650299223036
533000.0,1410.165029922304
775000.0,1410.1650299223008
428000.0,1410.1650299220885
312000.0,1410.1650299223018
655500.0,1410.165029922304
233500.0,1410.1650299222852
461000.0,1410.165029922304
336750.0,1410.165029921475
365000.0,1410.165029922304
685000.0,1410.165029922304
278500.0,1410.1650299223038
269000.0,1410.1650299223031
330000.0,1410.165029922304
425000.0,1410.165029922303
527700.0,1410.1650299222708
200000.0,1410.1650299221837
329000.0,1410.1650299223033
842000.0,1410.1650299222847
555000.0,1410.1650299223038
670000.0,1410.165029922304
468000.0,1410.1650299222895
535000.0,1410.165029922304
425000.0,1410.16502992102
441000.0,1410.165029922282
387500.0,1410.1650299222197
249500.0,1410.165029922298
318000.0,1410.165029922297
420550.0,1410.1650299222842
620000.0,1410.165029922304
689000.0,1410.165029922304
140000.0,1410.1650299124883
342000.0,1410.165029922304
580000.0,1410.1650299223033
200000.0,1410.1650299218888
385100.0,1410.1650299222583
400000.0,1410.165029922285
418900.0,1410.1650299223013
252000.0,1410.1650299222895
250000.0,1410.1650299223
360000.0,1410.1650299223008
395000.0,1410.165029922301
205000.0,1410.1650299221624
375000.0,1410.1650299222924
450000.0,1410.1650299223033
425000.0,1410.165029922295
336500.0,1410.1650299223033
587000.0,1410.165029922304
497950.0,1410.165029922301
271950.0,1410.1650299223027
680000.0,1410.1650299222922
200450.0,1410.1650299220155
575000.0,1410.1650299222629
219950.0,1410.1650299222958
215000.0,1410.165029922176
429000.0,1410.165029922222
400000.0,1410.1650299222947
459995.0,1410.165029922304
225800.0,1410.1650299222993
506000.0,1410.1650299222993
380000.0,1410.1650299222977
230000.0,1410.1650299222629
305000.0,1410.165029922147
410000.0,1410.1650299222558
475000.0,1410.1650299223033
260000.0,1410.1650299223038
554000.0,1410.165029922304
353900.0,1410.165029922304
265000.0,1410.165029922304
310000.0,1410.1650299220973
672500.0,1410.165029922304
334000.0,1410.165029922304
342000.0,1410.165029922304
143000.0,1410.1650299210676
374950.0,1410.165029922304
197400.0,1410.165029922303
450000.0,1410.1650299222965
560000.0,1410.1650299221053
355000.0,1410.165029922303
750000.0,1410.1650299222597
442500.0,1410.165029922304
499950.0,1410.1650299223033
459000.0,1410.1650299222115
260000.0,1410.1650299220485
595000.0,1410.165029922304
215000.0,1410.1650299222456
286000.0,1410.1650299204746
414500.0,1410.1650299222736
228500.0,1410.1650299221642
532000.0,1410.165029922304
265000.0,1410.165029922303
515000.0,1410.165029922304
535000.0,1410.165029922298
670000.0,1410.1650299223013
235000.0,1410.1650299223022
239000.0,1410.165029922303
225000.0,1410.1650299222777
257500.0,1410.1650299223024
489000.0,1410.1650299219223
442500.0,1410.1650299222943
299950.0,1410.1650299222993
412000.0,1410.165029922304
856000.0,1410.1650299222829
425000.0,1410.165029922301
707000.0,1410.165029922304
339950.0,1410.1650299223033
315000.0,1410.165029922304
696950.0,1410.165029922304
319990.0,1410.1650299223031
442900.0,1410.1650299222933
544800.0,1410.165029922304
360000.0,1410.1650299222988
534000.0,1410.165029922304
152500.0,1410.165029922301
86500.0,1410.1650299219184
153503.0,1410.1650299222508
267500.0,1410.1650299220246
630000.0,1410.1650299223038
352000.0,1410.165029922299
301000.0,1410.1650299223002
300000.0,1410.1650299204084
615000.0,1410.165029922302
180000.0,1410.1650299223033
242000.0,1410.1650299222958
368000.0,1410.165029922304
561500.0,1410.1650299223002
342000.0,1410.1650299223036
310000.0,1410.165029922304
345000.0,1410.1650299217793
205000.0,1410.1650299222647
152000.0,1410.1650299222322
275000.0,1410.165029922301
295000.0,1410.1650299223038
452000.0,1410.1650299223038
402000.0,1410.165029922304
490000.0,1410.1650299223038
307000.0,1410.165029922296
385000.0,1410.1650299223002
395000.0,1410.165029920142
420000.0,1410.165029922302
550000.0,1410.1650299222083
137900.0,1410.1650299221276
475000.0,1410.165029922304
490000.0,1410.165029922304
445000.0,1410.165029922237
499000.0,1410.165029922304
620000.0,1410.165029922304
293000.0,1410.1650299222997
825000.0,1410.165029922304
299000.0,1410.1650299223027
367300.0,1410.165029922304
195700.0,1410.165029922294
379000.0,1410.165029922304
925000.0,1410.1650299223024
620000.0,1410.165029922304
789500.0,1410.165029922304
529100.0,1410.165029922287
265000.0,1410.1650299223002
499950.0,1410.1650299222817
605000.0,1410.1650299222842
375000.0,1410.1650299223015
237500.0,1410.1650299223024
392500.0,1410.165029922301
725000.0,1410.1650299223033
269000.0,1410.1650299222765
399950.0,1410.1650299223022
335000.0,1410.165029922304
530000.0,1410.1650299222706
580000.0,1410.165029922304
240000.0,1410.1650299223033
185000.0,1410.1650299223031
448000.0,1410.165029922275
750000.0,1410.1650299223033
554000.0,1410.1650299223036
440000.0,1410.165029922304
294950.0,1410.1650299222163
500000.0,1410.1650299223038
515000.0,1410.1650299223038
419354.0,1410.165029922304
199950.0,1410.1650299215946
220000.0,1410.1650299223038
337000.0,1410.1650299223033
577000.0,1410.1650299222983
334000.0,1410.1650299222838
740000.0,1410.165029922304
395000.0,1410.1650299222918
329500.0,1410.165029922304
580000.0,1410.165029922271
375000.0,1410.1650299222943
361500.0,1410.1650299215967
827235.0,1410.1650299223027
420000.0,1410.1650299223008
375000.0,1410.1650299221435
435000.0,1410.165029921755
355000.0,1410.1650299222877
273000.0,1410.165029922304
432500.0,1410.165029922304
319950.0,1410.1650299223031
447000.0,1410.165029922287
248000.0,1410.1650299223038
265000.0,1410.1650299223022
705000.0,1410.165029922304
902000.0,1410.165029922304
430000.0,1410.1650299206844
834950.0,1410.165029922304
250000.0,1410.1650299222847
539000.0,1410.1650299222315
646800.0,1410.1650299223033
666500.0,1410.165029922304
249950.0,1410.165029922304
396800.0,1410.165029922304
450000.0,1410.1650299222952
460000.0,1410.1650299222765
820000.0,1410.165029922304
235000.0,1410.1650299193311
312500.0,1410.165029921939
451000.0,1410.1650299222995
207200.0,1410.165029922271
560000.0,1410.1650299222981
235000.0,1410.1650299221947
425000.0,1410.165029922304
153000.0,1410.1650299222847
552500.0,1410.165029922304
457000.0,1410.165029922245
808000.0,1410.165029922304
350000.0,1410.165029922302
905000.0,1410.165029922304
397000.0,1410.165029922304
423000.0,1410.165029922304
455000.0,1410.1650299222595
405000.0,1410.1650299223033
360000.0,1410.165029922232
420000.0,1410.165029922304
410000.0,1410.1650299221733
800000.0,1410.1650299223036
620000.0,1410.165029922304
415000.0,1410.1650299222956
547500.0,1410.1650299223038
480000.0,1410.165029922304
290000.0,1410.165029922261
229900.0,1410.1650299222806
551000.0,1410.165029922304
218000.0,1410.1650299221794
440000.0,1410.1650299206624
369000.0,1410.1650299218004
965000.0,1410.165029922304
569000.0,1410.165029922304
425000.0,1410.1650299204625
489950.0,1410.165029922304
221000.0,1410.165029922287
540000.0,1410.165029922304
799000.0,1410.165029922304
329995.0,1410.1650299223038
345000.0,1410.1650299222981
575000.0,1410.1650299222936
347000.0,1410.165029922304
419000.0,1410.1650299223024
705000.0,1410.165029922304
900000.0,1410.165029922304
560000.0,1410.1650299222692
390000.0,1410.165029922085
524000.0,1410.165029922304
215000.0,1410.1650299223038
257000.0,1410.1650299223018
420000.0,1410.165029922304
399500.0,1410.1650299223015
549000.0,1410.165029922303
570000.0,1410.1650299222924
195000.0,1410.1650299223008
712000.0,1410.1650299222986
574950.0,1410.165029922304
860000.0,1410.165029922304
525000.0,1410.165029922304
499000.0,1410.165029922277
780000.0,1410.165029922304
290000.0,1410.16502992088
235000.0,1410.1650299219293
265000.0,1410.1650299221847
457000.0,1410.1650299222908
310000.0,1410.165029922304
539900.0,1410.1650299223027
362000.0,1410.165029922304
389000.0,1410.1650299223038
825000.0,1410.165029922304
476000.0,1410.1650299222854
430000.0,1410.1650299223036
634950.0,1410.165029922304
338500.0,1410.1650299211599
160797.0,1410.1650299220378
835000.0,1410.165029922304
410000.0,1410.1650299222306
875000.0,1410.165029922304
460000.0,1410.1650299223027
380000.0,1410.1650299219984
180000.0,1410.165029922303
150000.0,1410.1650299117096
335000.0,1410.165029922304
170000.0,1410.1650299223038
349900.0,1410.1650299222492
352000.0,1410.1650299221606
180000.0,1410.1650299217713
528000.0,1410.1650299222983
452500.0,1410.165029922304
375000.0,1410.1650299222704
587100.0,1410.1650299223038
350000.0,1410.1650299223038
540000.0,1410.1650299222988
695000.0,1410.165029922304
475200.0,1410.1650299223006
433500.0,1410.1650299222695
320000.0,1410.165029922304
200000.0,1410.1650299222858
782000.0,1410.165029922304
418000.0,1410.165029922304
550000.0,1410.1650299223002
630000.0,1410.1650299223038
315000.0,1410.1650299223033
273000.0,1410.1650299217822
501000.0,1410.165029922304
595000.0,1410.165029922302
420000.0,1410.1650299223038
544500.0,1410.1650299222968
325000.0,1410.1650299175774
375000.0,1410.1650299223036
194250.0,1410.1650299223024
481000.0,1410.165029922304
394999.0,1410.1650299222947
825000.0,1410.165029922304
361280.0,1410.1650299221963
660000.0,1410.165029922304
360000.0,1410.1650299222952
450500.0,1410.1650299222965
445000.0,1410.1650299223027
310000.0,1410.165029922303
225000.0,1410.1650299222847
250000.0,1410.1650299223038
220000.0,1410.1650299222797
551000.0,1410.165029922304
555000.0,1410.1650299223036
375000.0,1410.165029922304
877500.0,1410.165029922304
258750.0,1410.165029922303
313000.0,1410.1650299222954
375000.0,1410.1650299222792
315000.0,1410.1650299223038
760000.0,1410.165029922301
330000.0,1410.1650299223033
380000.0,1410.1650299223033
650000.0,1410.165029922304
266000.0,1410.1650299222135
242050.0,1410.1650299223033
680000.0,1410.165029922304
625000.0,1410.1650299222963
268000.0,1410.1650299223024
499000.0,1410.1650299222974
495000.0,1410.1650299223013
345000.0,1410.1650299222983
693000.0,1410.165029922304
341000.0,1410.1650299206137
325000.0,1410.1650299223024
339000.0,1410.1650299223036
541900.0,1410.1650299223027
305000.0,1410.165029922303
560000.0,1410.165029922304
246000.0,1410.165029922301
420000.0,1410.165029922304
515500.0,1410.165029922304
421500.0,1410.165029922304
281000.0,1410.1650299222176
840000.0,1410.165029922304
311000.0,1410.1650299223031
389990.0,1410.165029922304
494000.0,1410.1650299223038
646000.0,1410.1650299223036
400000.0,1410.1650299222404
475000.0,1410.1650299223006
174950.0,1410.1650299222588
472217.0,1410.1650299222956
489000.0,1410.165029922281
315000.0,1410.165029922304
425000.0,1410.165029922304
352499.0,1410.1650299214332
160134.0,1410.165029922288
745000.0,1410.165029922304
549500.0,1410.165029922304
480000.0,1410.165029922303
379000.0,1410.1650299223033
309000.0,1410.1650299222788
566000.0,1410.165029922304
641200.0,1410.1650299222747
253000.0,1410.1650299222952
756000.0,1410.165029922304
299880.0,1410.1650299222788
809000.0,1410.165029922304
277000.0,1410.1650299223038
500000.0,1410.1650299223038
413800.0,1410.1650299222606
322500.0,1410.165029922304
925000.0,1410.1650299223031
243000.0,1410.1650299202472
600000.0,1410.1650299223027
425000.0,1410.1650299220187
775000.0,1410.165029922304
314000.0,1410.1650299223033
501000.0,1410.1650299223038
635000.0,1410.1650299223015
518500.0,1410.165029922304
500000.0,1410.165029922304
359000.0,1410.165029922304
320000.0,1410.1650299222993
635000.0,1410.1650299223027
725000.0,1410.165029922304
650000.0,1410.165029922296
545000.0,1410.1650299222763
335000.0,1410.165029922304
358000.0,1410.1650299222265
275000.0,1410.1650299223002
370000.0,1410.1650299218331
410000.0,1410.1650299221167
675000.0,1410.165029922304
737000.0,1410.165029922302
315000.0,1410.1650299223
430000.0,1410.1650299223033
419000.0,1410.165029922304
435000.0,1410.1650299223033
650000.0,1410.1650299223036
800000.0,1410.165029922304
270950.0,1410.1650299200742
203000.0,1410.1650299222674
731000.0,1410.165029922304
245000.0,1410.165029921639
950000.0,1410.165029922304
520000.0,1410.1650299222913
325000.0,1410.1650299215462
290000.0,1410.1650299223033
307550.0,1410.165029922304
189950.0,1410.1650299222142
485000.0,1410.165029922304
425000.0,1410.165029922304
530000.0,1410.1650299222852
1007500.0,1410.165029922304
279000.0,1410.1650299223024
252000.0,1410.1650299223018
309000.0,1410.1650299223031
375000.0,1410.165029922303
385000.0,1410.165029922304
399963.0,1410.165029922304
575000.0,1410.1650299222897
450000.0,1410.1650299209707
560000.0,1410.165029922304
220000.0,1410.165029922298
395000.0,1410.165029922304
265000.0,1410.165029922302
482000.0,1410.165029922304
150000.0,1410.1650299222792
500000.0,1410.1650299222777
314950.0,1410.165029922304
461000.0,1410.1650299223038
359950.0,1410.1650299209168
236500.0,1410.1650299222797
402000.0,1410.1650299223038
356000.0,1410.165029921884
759900.0,1410.165029922304
267000.0,1410.165029922297
322000.0,1410.1650299223038
425000.0,1410.1650299221246
705000.0,1410.165029922304
400000.0,1410.16502992227
605000.0,1410.1650299223036
436000.0,1410.1650299223033
401000.0,1410.1650299222088
339100.0,1410.165029922304
360000.0,1410.165029922304
540000.0,1410.165029922304
400000.0,1410.165029922304
645000.0,1410.165029922304
635000.0,1410.165029922304
630000.0,1410.165029922304
325000.0,1410.1650299220441
465000.0,1410.1650299218404
625000.0,1410.1650299223038
430000.0,1410.165029922304
480000.0,1410.1650299223038
702000.0,1410.1650299223038
245000.0,1410.165029922304
650000.0,1410.165029922304
445000.0,1410.1650299223027
278000.0,1410.1650299218838
277500.0,1410.165029922304
475580.0,1410.1650299223033
250000.0,1410.1650299222974
528000.0,1410.16502992228
344950.0,1410.1650299222752
148000.0,1410.1650299087376
188000.0,1410.1650299222956
490000.0,1410.165029922304
718500.0,1410.1650299223002
225000.0,1410.165029922291
340000.0,1410.165029922267
323000.0,1410.1650299223038
265000.0,1410.1650299222683
140000.0,1410.1650299221947
360000.0,1410.165029922304
432000.0,1410.165029922223
450000.0,1410.1650299208077
190500.0,1410.165029922071
165000.0,1410.1650299223022
726888.0,1410.165029922304
340000.0,1410.165029922304
459950.0,1410.165029922304
422500.0,1410.165029919934
460000.0,1410.1650299222824
221347.0,1410.1650299222106
249950.0,1410.1650299222931
549000.0,1410.1650299223033
300000.0,1410.1650299216417
640000.0,1410.165029922304
613000.0,1410.165029922304
650000.0,1410.165029922304
317500.0,1410.1650299223036
915000.0,1410.165029922304
245000.0,1410.1650299169391
309000.0,1410.1650299221274
677915.0,1410.1650299223018
317000.0,1410.1650299206005
484259.0,1410.165029922304
352000.0,1410.1650299217627
605000.0,1410.1650299223038
365000.0,1410.1650299221078
357500.0,1410.1650299222952
269000.0,1410.1650299222208
405000.0,1410.165029922301
652450.0,1410.165029922304
265000.0,1410.1650299223031
242500.0,1410.165029922302
280000.0,1410.1650299222974
708000.0,1410.165029922304
380000.0,1410.165029922303
540000.0,1410.165029922304
385000.0,1410.1650299223038
440000.0,1410.165029922273
715000.0,1410.165029922304
189900.0,1410.1650299221265
549950.0,1410.165029921523
349950.0,1410.1650299222663
389700.0,1410.1650299222945
490000.0,1410.165029922304
599950.0,1410.165029922304
695000.0,1410.165029922304
464000.0,1410.1650299223036
245000.0,1410.1650299221662
300000.0,1410.165029922304
230000.0,1410.1650299222792
500000.0,1410.1650299222924
305000.0,1410.165029922304
240000.0,1410.165029922297
799900.0,1410.165029922304
560000.0,1410.1650299223024
630000.0,1410.165029922304
495000.0,1410.1650299221974
848000.0,1410.1650299223038
385000.0,1410.165029922304
384000.0,1410.165029922304
285000.0,1410.165029922304
357000.0,1410.165029922299
407500.0,1410.1650299222988
395825.0,1410.1650299222672
440000.0,1410.165029922304
280000.0,1410.165029922303
349900.0,1410.165029922304
597500.0,1410.1650299223038
249000.0,1410.1650299223033
550000.0,1410.1650299223024
565000.0,1410.1650299222674
391000.0,1410.1650299205148
628000.0,1410.1650299223027
163000.0,1410.1650299222433
296000.0,1410.1650299223038
407000.0,1410.1650299223038
246000.0,1410.1650299223002
299950.0,1410.165029922293
349950.0,1410.1650299223036
475000.0,1410.1650299223022
440000.0,1410.1650299222981
320000.0,1410.1650299223038
299000.0,1410.1650299220282
556000.0,1410.1650299222918
385000.0,1410.1650299218657
735000.0,1410.165029922304
415000.0,1410.1650299221187
315000.0,1410.1650299223027
479990.0,1410.1650299222963
302000.0,1410.165029922304
310000.0,1410.1650299222608
508000.0,1410.1650299223027
311000.0,1410.1650299223031
441000.0,1410.1650299176104
860000.0,1410.165029922304
900000.0,1410.1650299219823
812000.0,1410.165029922304
225000.0,1410.165029922303
710000.0,1410.165029922243
485000.0,1410.1650299222936
825000.0,1410.165029922304
239000.0,1410.165029922303
470000.0,1410.165029922304
212000.0,1410.1650299222886
465000.0,1410.165029922304
355000.0,1410.1650299222324
342000.0,1410.1650299222906
600000.0,1410.1650299222997
233000.0,1410.1650299222842
355000.0,1410.1650299223033
492000.0,1410.1650299194334
275000.0,1410.1650299222983
475000.0,1410.1650299222638
712500.0,1410.165029922304
200000.0,1410.1650299223027
1015000.0,1410.165029922304
345000.0,1410.1650299222983
635000.0,1410.165029922304
295000.0,1410.165029922304
459800.0,1410.1650299223036
320000.0,1410.1650299217197
450000.0,1410.1650299223033
600000.0,1410.165029922304
175000.0,1410.1650299178068
460000.0,1410.1650299222938
460000.0,1410.1650299223038
600000.0,1410.165029922304
400000.0,1410.165029922304
730000.0,1410.165029922304
319950.0,1410.1650299219473
500000.0,1410.165029922304
360000.0,1410.1650299223036
269000.0,1410.1650299222981
267500.0,1410.1650299222915
551500.0,1410.165029922304
626500.0,1410.1650299222997
260000.0,1410.165029922304
330000.0,1410.165029922304
520000.0,1410.165029922304
465000.0,1410.1650299210426
670000.0,1410.165029922304
235000.0,1410.165029920006
369950.0,1410.165029922296
345000.0,1410.165029922304
219000.0,1410.1650299222952
294000.0,1410.165029922304
330000.0,1410.165029922304
310000.0,1410.1650299222722
250000.0,1410.1650299222763
342000.0,1410.1650299218684
220000.0,1410.1650299223027
230000.0,1410.1650299219796
230000.0,1410.1650299223033
379500.0,1410.1650299220573
775000.0,1410.165029922304
475000.0,1410.1650299222706
502775.0,1410.165029922304
300000.0,1410.1650299220437
475000.0,1410.165029922304
331500.0,1410.165029922304
285000.0,1410.1650299221242
323000.0,1410.1650299223033
656000.0,1410.1650299223036
801501.0,1410.165029922304
462600.0,1410.165029922304
534950.0,1410.165029922304
221900.0,1410.1650299220703
585000.0,1410.165029922304
520000.0,1410.1650299220441
400000.0,1410.165029922291
261000.0,1410.1650299223033
898888.0,1410.1650299223038
206000.0,1410.165029922277
674000.0,1410.1650299223033
765000.0,1410.165029922304
720000.0,1410.165029922304
719000.0,1410.165029922304
485000.0,1410.1650299222938
262500.0,1410.165029922294
445000.0,1410.165029922304
485000.0,1410.1650299223033
691100.0,1410.165029922304
726000.0,1410.1650299223033
499950.0,1410.165029922287
334000.0,1410.1650299223022
431000.0,1410.1650299223027
296000.0,1410.1650299222042
250000.0,1410.1650299223033
321000.0,1410.1650299222908
782500.0,1410.165029922304
680000.0,1410.165029922304
292500.0,1410.1650299223002
500000.0,1410.1650299223038
344900.0,1410.1650299223033
290000.0,1410.1650299222958
240000.0,1410.1650299223036
509000.0,1410.165029922288
685000.0,1410.165029922304
525000.0,1410.165029922304
417838.0,1410.165029922304
194900.0,1410.1650299220141
345000.0,1410.1650299223031
235000.0,1410.165029922303
220000.0,1410.165029922304
400000.0,1410.165029922304
499950.0,1410.165029922304
310000.0,1410.165029922304
183000.0,1410.165029922146
265000.0,1410.1650299222943
480000.0,1410.165029922304
610000.0,1410.165029922304
373500.0,1410.1650299203272
230000.0,1410.1650299223015
250000.0,1410.1650299222788
840000.0,1410.165029922304
317000.0,1410.165029922304
464950.0,1410.1650299223022
585000.0,1410.1650299222385
285000.0,1410.165029922304
435000.0,1410.165029922304
312000.0,1410.1650299223018
726000.0,1410.165029922304
543000.0,1410.165029922304
345000.0,1410.165029922292
119900.0,1410.1650299169887
750000.0,1410.165029922304
315000.0,1410.165029922299
248000.0,1410.1650299222838
750000.0,1410.165029922304
350000.0,1410.165029922304
440000.0,1410.165029922304
245000.0,1410.1650299223038
400000.0,1410.165029922243
440000.0,1410.165029922304
560000.0,1410.165029922304
950968.0,1410.165029922304
375000.0,1410.1650299223038
260000.0,1410.165029922304
190848.0,1410.1650299222792
375000.0,1410.1650299222977
265000.0,1410.1650299223031
244000.0,1410.1650299223033
316000.0,1410.1650299222956
349990.0,1410.165029922304
440000.0,1410.165029922304
324000.0,1410.165029922304
325000.0,1410.1650299223038
338000.0,1410.1650299223033
260000.0,1410.165029922293
430000.0,1410.1650299223038
452000.0,1410.1650299222965
485000.0,1410.165029922303
871000.0,1410.165029922304
420000.0,1410.165029922304
790000.0,1410.165029922304
475000.0,1410.1650299223013
320000.0,1410.165029922304
285000.0,1410.1650299222997
600000.0,1410.165029922304
399900.0,1410.1650299219284
299000.0,1410.1650299222993
672000.0,1410.1650299222965
648000.0,1410.165029922304
289500.0,1410.1650299221733
205000.0,1410.165029922301
625000.0,1410.165029922304
375000.0,1410.165029922304
525000.0,1410.1650299219214
359999.0,1410.165029922304
465000.0,1410.165029922304
419950.0,1410.1650299220091
475000.0,1410.165029922304
499950.0,1410.1650299221951
399000.0,1410.1650299222995
674000.0,1410.1650299223038
215000.0,1410.1650299223033
419625.0,1410.165029922304
499950.0,1410.165029922304
625000.0,1410.1650299223036
348000.0,1410.1650299221692
335000.0,1410.1650299221533
435000.0,1410.1650299222902
475000.0,1410.1650299212115
140000.0,1410.1650299223004
510000.0,1410.1650299223027
352500.0,1410.1650299221915
300000.0,1410.165029922292
532000.0,1410.165029922236
455000.0,1410.1650299223038
355000.0,1410.1650299223033
553000.0,1410.165029922304
450000.0,1410.165029922304
675000.0,1410.165029922304
561000.0,1410.165029922304
800000.0,1410.165029922304
320000.0,1410.165029921954
450000.0,1410.1650299223018
335000.0,1410.1650299223033
497000.0,1410.165029922304
274900.0,1410.165029922302
446000.0,1410.1650299223018
169000.0,1410.1650299222995
260000.0,1410.1650299222772
690000.0,1410.1650299223038
270000.0,1410.165029922304
525000.0,1410.165029922304
510250.0,1410.1650299221392
290700.0,1410.1650299223033
705000.0,1410.165029922304
253000.0,1410.1650299222947
450000.0,1410.165029922304
354900.0,1410.165029922304
359999.0,1410.165029922304
920000.0,1410.1650299223031
230000.0,1410.1650299223033
203000.0,1410.1650299223006
325000.0,1410.1650299223038
317000.0,1410.1650299222997
625000.0,1410.1650299221676
325000.0,1410.165029922304
310000.0,1410.165029922276
235000.0,1410.1650299222335
352000.0,1410.165029922304
588000.0,1410.165029922303
925000.0,1410.165029922304
760000.0,1410.165029922304
524500.0,1410.1650299222952
549000.0,1410.165029922304
240000.0,1410.1650299199755
282000.0,1410.165029922304
160000.0,1410.165029918052
719000.0,1410.165029922304
550000.0,1410.165029922304
744000.0,1410.165029922304
595000.0,1410.1650299223031
517500.0,1410.1650299223033
750000.0,1410.165029922304
530000.0,1410.165029922304
410000.0,1410.1650299222692
380000.0,1410.165029922304
554663.0,1410.1650299223006
345500.0,1410.165029922304
336900.0,1410.1650299222892
264000.0,1410.1650299223033
375000.0,1410.1650299222779
300000.0,1410.165029922304
625000.0,1410.1650299223031
589999.0,1410.1650299223033
687000.0,1410.165029922304
300000.0,1410.165029922241
780500.0,1410.1650299223038
739000.0,1410.165029922304
350000.0,1410.1650299222856
465000.0,1410.1650299222335
488250.0,1410.1650299223038
264900.0,1410.165029922303
910000.0,1410.165029922304
250000.0,1410.1650299222824
830200.0,1410.165029922304
405000.0,1410.1650299221844
831000.0,1410.165029922304
716000.0,1410.1650299223038
575000.0,1410.165029922304
460000.0,1410.1650299223033
390000.0,1410.1650299223018
492450.0,1410.1650299222986
540000.0,1410.1650299222501
264500.0,1410.1650299223033
279950.0,1410.165029922293
960000.0,1410.165029922304
355500.0,1410.165029922304
402500.0,1410.165029922285
270000.0,1410.1650299223038
531000.0,1410.165029922304
220000.0,1410.1650299218172
525000.0,1410.1650299223002
704300.0,1410.1650299223038
450000.0,1410.1650299222897
372000.0,1410.165029922304
771000.0,1410.1650299223033
475000.0,1410.1650299221865
322000.0,1410.165029922284
375000.0,1410.1650299223038
385000.0,1410.165029917766
436952.0,1410.165029922304
330000.0,1410.1650299221383
678000.0,1410.165029922304
240000.0,1410.165029922304
331500.0,1410.165029922304
505000.0,1410.1650299223036
550000.0,1410.165029922111
315000.0,1410.1650299181256
569000.0,1410.165029922304
159100.0,1410.1650299201756
340000.0,1410.1650299222963
224000.0,1410.1650299222983
344200.0,1410.165029922304
267000.0,1410.1650299223006
373000.0,1410.1650299222845
856000.0,1410.1650299223036
300000.0,1410.1650299223015
380000.0,1410.1650299222547
725000.0,1410.1650299222879
542525.0,1410.165029922304
759000.0,1410.1650299223033
305000.0,1410.165029922157
195000.0,1410.1650299221888
485000.0,1410.165029922304
230000.0,1410.1650299222877
338000.0,1410.165029922304
469950.0,1410.1650299223027
612500.0,1410.165029922304
385000.0,1410.165029922303
340500.0,1410.165029922301
310000.0,1410.165029922125
361000.0,1410.1650299222704
275000.0,1410.1650299222772
420000.0,1410.1650299223036
675000.0,1410.165029922304
359000.0,1410.1650299223033
475000.0,1410.165029922304
339000.0,1410.1650299165271
249000.0,1410.165029922304
984000.0,1410.165029922304
772000.0,1410.1650299223002
557500.0,1410.165029922304
250000.0,1410.1650299223015
570000.0,1410.1650299223036
300000.0,1410.1650299221799
234000.0,1410.1650299223033
685650.0,1410.165029922304
734000.0,1410.165029922304
638000.0,1410.165029922304
166000.0,1410.165029922148
271000.0,1410.1650299223038
273000.0,1410.165029922304
572000.0,1410.165029922304
715000.0,1410.1650299223015
320000.0,1410.1650299222933
335000.0,1410.1650299223027
142500.0,1410.165029922299
375000.0,1410.165029922304
515000.0,1410.1650299218795
223000.0,1410.1650299222888
245000.0,1410.1650299223033
294400.0,1410.165029922304
265000.0,1410.1650299220612
249900.0,1410.1650299222983
530000.0,1410.165029922299
580000.0,1410.1650299223036
570000.0,1410.1650299222993
699000.0,1410.165029922304
600000.0,1410.1650299222667
289950.0,1410.165029921229
450000.0,1410.1650299223033
292050.0,1410.165029922304
380000.0,1410.1650299223
725000.0,1410.165029922304
529000.0,1410.1650299223006
260000.0,1410.165029922302
610000.0,1410.165029922304
265000.0,1410.1650299223015
436000.0,1410.1650299222574
390000.0,1410.1650299223038
516130.0,1410.1650299223036
312000.0,1410.165029922303
199990.0,1410.165029922035
200000.0,1410.165029922304
620000.0,1410.1650299223022
275000.0,1410.165029922304
480000.0,1410.1650298401166
250000.0,1410.1650299223033
334000.0,1410.1650299223036
207500.0,1410.1650299223033
272000.0,1410.165029922304
700000.0,1410.1650299223038
349950.0,1410.165029922304
124740.0,1410.1650299223004
450000.0,1410.1650299222847
229000.0,1410.1650299221747
675750.0,1410.165029922304
698000.0,1410.165029922304
160000.0,1410.1650299221533
292000.0,1410.1650299222906
461100.0,1410.1650299221092
599380.0,1410.1650299223015
309950.0,1410.165029922301
375000.0,1410.1650299222283
347000.0,1410.1650299222324
220000.0,1410.1650299223018
599000.0,1410.165029922304
460000.0,1410.165029922304
260000.0,1410.165029921954
490000.0,1410.1650299221951
440000.0,1410.1650299222842
640000.0,1410.165029922304
512000.0,1410.165029922304
325000.0,1410.165029922297
287000.0,1410.1650299223027
650000.0,1410.1650299223002
218250.0,1410.1650299221494
820000.0,1410.165029922304
183500.0,1410.165029922225
298950.0,1410.165029922304
469775.0,1410.1650299222756
600000.0,1410.1650299223038
378000.0,1410.1650299223031
470000.0,1410.165029922304
938000.0,1410.165029922304
363500.0,1410.165029922304
300000.0,1410.1650299222679
320000.0,1410.1650299222638
224400.0,1410.1650299222206
386000.0,1410.165029922304
798750.0,1410.165029922302
230000.0,1410.1650299211792
179900.0,1410.165029920051
425000.0,1410.165029922304
675000.0,1410.1650299222158
367500.0,1410.165029922304
785000.0,1410.165029922304
289950.0,1410.1650299223033
645000.0,1410.165029922304
300000.0,1410.165029922304
374500.0,1410.1650299223027
750000.0,1410.1650299223036
342000.0,1410.1650299222974
256000.0,1410.165029922304
749950.0,1410.165029922304
423000.0,1410.165029922304
472000.0,1410.165029922304
235000.0,1410.1650299214384
375000.0,1410.165029922304
262500.0,1410.1650299223024
218000.0,1410.1650299222847
239950.0,1410.165029922282
575000.0,1410.1650299223033
822500.0,1410.165029922304
263000.0,1410.1650299222827
270000.0,1410.1650299223008
251000.0,1410.165029922304
357562.0,1410.1650299216926
442000.0,1410.1650299222852
735000.0,1410.165029922304
418500.0,1410.1650299223024
193000.0,1410.1650299222879
194000.0,1410.1650299213395
339888.0,1410.1650299222983
545000.0,1410.165029922302
274800.0,1410.1650299222408
590000.0,1410.165029922304
263500.0,1410.1650299222574
889950.0,1410.165029922304
418500.0,1410.1650299196049
270000.0,1410.165029922303
307000.0,1410.165029921059
299950.0,1410.165029922304
315000.0,1410.1650299222956
198000.0,1410.1650299222533
499000.0,1410.165029922194
340000.0,1410.165029922304
355000.0,1410.165029922285
535000.0,1410.1650299223004
389000.0,1410.1650299223033
700000.0,1410.1650299222592
490000.0,1410.165029922304
912000.0,1410.165029922304
487600.0,1410.165029922304
592500.0,1410.165029922304
463000.0,1410.1650299223022
550000.0,1410.165029922299
345000.0,1410.1650299186222
344000.0,1410.1650299223008
380000.0,1410.1650299223008
476000.0,1410.1650299222592
540500.0,1410.165029922304
362500.0,1410.165029922304
239975.0,1410.1650299222995
230000.0,1410.1650299223036
533250.0,1410.165029922304
600000.0,1410.165029922304
584000.0,1410.1650299222747
410000.0,1410.1650299223031
585000.0,1410.1650299222704
739000.0,1410.165029922304
247500.0,1410.1650299223033
270000.0,1410.165029922303
530000.0,1410.1650299222956
957000.0,1410.165029922304
814842.0,1410.165029922304
403504.0,1410.1650299222526
149000.0,1410.1650299148648
812500.0,1410.165029922304
335000.0,1410.1650299223024
475000.0,1410.1650299221717
340000.0,1410.1650299222345
560000.0,1410.165029922298
499000.0,1410.1650299222201
321500.0,1410.165029922304
403000.0,1410.1650299222931
813000.0,1410.165029922304
230000.0,1410.1650299209932
213000.0,1410.1650299222988
760000.0,1410.165029922304
118125.0,1410.1650299216699
489950.0,1410.1650299222981
953007.0,1410.165029922304
378950.0,1410.165029922304
428000.0,1410.1650299223015
255000.0,1410.1650299223038
351000.0,1410.1650299222865
600000.0,1410.165029922304
130000.0,1410.165029921406
271900.0,1410.1650299223036
261950.0,1410.1650299223027
426000.0,1410.165029922301
153000.0,1410.1650299221124
746000.0,1410.165029922304
645000.0,1410.1650299223038
460000.0,1410.165029922301
570000.0,1410.165029922304
267000.0,1410.1650299220091
230000.0,1410.1650299213672
924000.0,1410.165029922304
358000.0,1410.1650299223024
259000.0,1410.1650299223038
225000.0,1410.1650299222958
310000.0,1410.165029922304
579000.0,1410.165029922219
559500.0,1410.165029922304
324950.0,1410.1650299223038
410000.0,1410.1650299222374
542500.0,1410.165029922304
615000.0,1410.165029922303
678000.0,1410.165029922304
150000.0,1410.1650299222633
585000.0,1410.1650299223022
332000.0,1410.165029922304
525000.0,1410.1650299223033
300000.0,1410.165029922304
216000.0,1410.1650299221942
946000.0,1410.165029922304
413000.0,1410.165029922304
716528.0,1410.1650299222956
592500.0,1410.1650299222888
450000.0,1410.1650299223036
365650.0,1410.165029922304
177000.0,1410.1650299222988
199950.0,1410.1650299222947
375000.0,1410.165029922298
457500.0,1410.1650299223015
276900.0,1410.165029922303
309000.0,1410.165029921993
677500.0,1410.1650299223038
190000.0,1410.1650299222101
365000.0,1410.165029922304
729000.0,1410.165029922304
190000.0,1410.1650299223038
431000.0,1410.165029922304
978000.0,1410.1650299223033
265000.0,1410.1650299223038
465000.0,1410.1650299223027
350000.0,1410.165029922303
215000.0,1410.1650299222952
328000.0,1410.1650299222952
239950.0,1410.165029922304
388000.0,1410.1650299222886
360000.0,1410.1650299223027
425000.0,1410.1650299221485
619400.0,1410.165029922304
349000.0,1410.165029922296
324950.0,1410.1650299221235
790000.0,1410.1650299223015
290000.0,1410.165029922304
245000.0,1410.1650299221458
319000.0,1410.165029921738
440000.0,1410.165029922304
399950.0,1410.165029922304
183750.0,1410.1650299222883
750000.0,1410.165029922304
248000.0,1410.165029922252
772000.0,1410.165029922304
295000.0,1410.165029922271
275000.0,1410.1650299222847
312500.0,1410.165029922303
355000.0,1410.165029922304
895000.0,1410.165029922304
760000.0,1410.165029922304
255000.0,1410.165029922303
349000.0,1410.1650299223013
490000.0,1410.165029922304
405000.0,1410.1650299222968
525000.0,1410.165029922304
326000.0,1410.1650299219864
310000.0,1410.165029922304
250000.0,1410.1650299222913
530000.0,1410.165029922304
288790.0,1410.1650299222852
260000.0,1410.1650299222842
340000.0,1410.1650299223033
370000.0,1410.165029922304
625000.0,1410.1650299223006
245000.0,1410.165029921529
349000.0,1410.1650299223033
302000.0,1410.1650299223036
435000.0,1410.1650299221124
390000.0,1410.1650299222997
90000.0,1410.1650299089076
387000.0,1410.165029922304
400000.0,1410.165029922304
210000.0,1410.1650299222888
550000.0,1410.1650299222867
470101.0,1410.165029922304
583000.0,1410.165029922304
490000.0,1410.165029922304
310000.0,1410.165029922304
409950.0,1410.1650299208252
353000.0,1410.1650299222463
590000.0,1410.1650299222797
275000.0,1410.1650299223038
585000.0,1410.165029922304
677000.0,1410.1650299223038
469000.0,1410.1650299222965
420000.0,1410.1650299222645
549000.0,1410.1650299222965
315000.0,1410.1650299221803
350000.0,1410.1650299222756
378000.0,1410.165029922304
435000.0,1410.165029921718
549995.0,1410.165029922304
537500.0,1410.165029922304
501000.0,1410.1650299222947
435000.0,1410.165029922295
227500.0,1410.1650299223002
217000.0,1410.1650299222515
200000.0,1410.165029922304
359800.0,1410.1650299223038
546000.0,1410.1650299223031
490000.0,1410.1650299222883
246500.0,1410.1650299222974
760000.0,1410.165029922304
286000.0,1410.1650299222042
470000.0,1410.165029921617
289950.0,1410.1650299222983
655000.0,1410.165029922304
265000.0,1410.1650299223002
715000.0,1410.165029922304
172000.0,1410.1650299222708
210000.0,1410.1650299222447
599950.0,1410.165029922304
358000.0,1410.1650299205323
750000.0,1410.165029922304
220000.0,1410.165029922304
294000.0,1410.165029922304
299500.0,1410.1650299223024
631000.0,1410.1650299223038
550000.0,1410.165029921808
567500.0,1410.165029922303
318000.0,1410.165029922304
625000.0,1410.165029922304
1003000.0,1410.165029922304
380950.0,1410.165029922141
203000.0,1410.1650299223018
480000.0,1410.1650299222983
507000.0,1410.165029922304
484000.0,1410.165029922197
650000.0,1410.1650299223002
275000.0,1410.165029922304
189000.0,1410.1650299222988
498688.0,1410.1650299223033
602000.0,1410.165029922304
246950.0,1410.165029922297
415000.0,1410.165029922304
355000.0,1410.1650299222779
386500.0,1410.1650299222567
245000.0,1410.1650299222963
716500.0,1410.165029922304
548000.0,1410.165029922304
289000.0,1410.165029922304
393000.0,1410.165029922304
855000.0,1410.165029922304
210000.0,1410.165029922186
800000.0,1410.1650299222638
375000.0,1410.1650299222563
169000.0,1410.16502992203
249000.0,1410.165029922302
339950.0,1410.165029922304
756000.0,1410.165029922304
480000.0,1410.1650299206635
305000.0,1410.1650299215921
550000.0,1410.1650299222997
375000.0,1410.165029922304
402000.0,1410.1650299223033
425000.0,1410.165029922303
540000.0,1410.165029922298
655000.0,1410.1650299223038
318989.0,1410.165029922304
